{"type":"FeatureCollection","features":[{"type":"Feature","geometry":{"type":"Polygon","coordinates":[[[-103.846,33.014],[-103.875,33.013],[-103.844,32.939],[-103.649,32.793],[-103.581,32.731],[-103.553,32.681],[-103.488,32.655],[-103.478,32.589],[-103.454,32.583],[-103.511,32.525],[-103.56,32.522],[-103.57,32.494],[-103.64,32.479],[-103.631,32.463],[-103.656,32.454],[-103.67,32.425],[-103.651,32.383],[-103.627,32.373],[-103.643,32.351],[-103.627,32.326],[-103.642,32.316],[-103.635,32.3],[-103.657,32.304],[-103.673,32.297],[-103.667,32.281],[-103.698,32.274],[-103.675,32.252],[-103.682,32.243],[-103.789,32.203],[-103.814,32.173],[-103.794,32.137],[-103.807,32.129],[-103.832,32.143],[-103.857,32.128],[-103.866,32.091],[-103.939,32.078],[-104.021,32.034],[-104.048,32.055],[-104.185,32.057],[-104.243,32.021],[-104.375,32.006],[-104.444,31.965],[-104.507,31.978],[-104.506,31.956],[-104.532,31.949],[-104.613,31.974],[-104.704,31.963],[-104.713,31.949],[-104.775,31.97],[-104.824,31.919],[-104.884,31.925],[-104.867,31.894],[-104.832,31.875],[-104.77,31.779],[-104.738,31.671],[-104.749,31.636],[-104.682,31.618],[-104.614,31.467],[-104.566,31.451],[-104.552,31.43],[-104.553,31.384],[-104.531,31.371],[-104.523,31.283],[-104.491,31.261],[-104.509,31.225],[-104.488,31.209],[-104.463,31.218],[-104.402,31.152],[-104.401,31.037],[-104.299,30.979],[-104.302,30.957],[-104.34,30.935],[-104.339,30.89],[-104.287,30.896],[-104.265,30.825],[-104.22,30.803],[-104.218,30.759],[-104.255,30.716],[-104.261,30.682],[-104.229,30.684],[-104.184,30.657],[-104.189,30.64],[-104.143,30.622],[-104.138,30.598],[-104.023,30.5],[-103.992,30.5],[-103.964,30.47],[-103.938,30.47],[-103.867,30.4],[-103.828,30.402],[-103.843,30.334],[-103.826,30.33],[-103.823,30.288],[-103.77,30.258],[-103.76,30.296],[-103.719,30.288],[-103.718,30.271],[-103.66,30.288],[-103.648,30.262],[-103.618,30.273],[-103.585,30.251],[-103.567,30.262],[-103.522,30.248],[-103.494,30.302],[-103.406,30.318],[-103.369,30.301],[-103.36,30.327],[-103.306,30.339],[-103.299,30.371],[-103.247,30.351],[-103.231,30.399],[-103.18,30.402],[-103.163,30.364],[-103.096,30.38],[-103.054,30.418],[-102.992,30.425],[-102.973,30.448],[-102.95,30.42],[-102.939,30.431],[-102.902,30.414],[-102.85,30.42],[-102.851,30.393],[-102.835,30.374],[-102.793,30.369],[-102.767,30.384],[-102.764,30.367],[-102.728,30.395],[-102.694,30.455],[-102.629,30.483],[-102.62,30.473],[-102.58,30.491],[-102.553,30.481],[-102.533,30.496],[-102.475,30.497],[-102.444,30.485],[-102.384,30.497],[-102.359,30.482],[-102.303,30.499],[-102.258,30.479],[-102.234,30.49],[-102.187,30.478],[-102.129,30.44],[-102.081,30.43],[-102.045,30.39],[-101.99,30.365],[-101.93,30.369],[-101.935,30.328],[-101.912,30.309],[-101.918,30.281],[-101.867,30.24],[-101.874,30.227],[-101.829,30.156],[-101.747,30.125],[-101.722,30.08],[-101.692,30.082],[-101.665,30.045],[-101.63,30.035],[-101.635,29.958],[-101.611,29.931],[-101.615,29.91],[-101.58,29.876],[-101.501,29.856],[-101.489,29.823],[-101.438,29.786],[-101.388,29.783],[-101.39,29.748],[-101.36,29.691],[-101.327,29.712],[-101.307,29.751],[-101.238,29.751],[-101.189,29.786],[-101.168,29.775],[-101.136,29.816],[-101.161,29.835],[-101.162,29.859],[-101.184,29.863],[-101.203,29.924],[-101.244,29.932],[-101.239,29.964],[-101.26,29.982],[-101.265,30.029],[-101.301,30.077],[-101.306,30.132],[-101.341,30.166],[-101.311,30.208],[-101.364,30.283],[-101.359,30.318],[-101.327,30.342],[-101.333,30.38],[-101.322,30.39],[-101.344,30.411],[-101.361,30.488],[-101.27,30.551],[-101.26,30.586],[-101.277,30.606],[-101.275,30.637],[-101.259,30.667],[-101.292,30.715],[-101.285,30.749],[-101.301,30.798],[-101.317,30.8],[-101.336,30.838],[-101.328,30.855],[-101.373,30.878],[-101.307,30.91],[-101.279,30.987],[-101.262,30.995],[-101.257,31.041],[-101.344,31.078],[-101.378,31.11],[-101.43,31.097],[-101.496,31.102],[-101.518,31.119],[-101.582,31.1],[-101.594,31.124],[-101.628,31.13],[-101.643,31.15],[-101.67,31.14],[-101.709,31.19],[-101.76,31.175],[-101.782,31.226],[-101.815,31.241],[-101.837,31.275],[-101.875,31.298],[-101.912,31.297],[-101.929,31.348],[-101.92,31.369],[-101.939,31.4],[-101.998,31.386],[-102.049,31.416],[-102.067,31.404],[-102.15,31.421],[-102.172,31.458],[-102.155,31.476],[-102.152,31.514],[-102.168,31.544],[-102.155,31.557],[-102.192,31.584],[-102.189,31.608],[-102.237,31.63],[-102.235,31.66],[-102.269,31.697],[-102.302,31.711],[-102.464,31.713],[-102.54,31.738],[-102.565,31.787],[-102.622,31.817],[-102.696,31.889],[-102.775,31.915],[-102.799,31.968],[-102.848,31.992],[-102.838,32.028],[-102.772,32.059],[-102.79,32.068],[-102.795,32.129],[-102.836,32.166],[-102.82,32.232],[-102.837,32.249],[-102.831,32.264],[-102.861,32.292],[-102.892,32.285],[-102.921,32.311],[-102.961,32.367],[-102.943,32.396],[-103.022,32.425],[-103.029,32.453],[-103.069,32.467],[-103.071,32.501],[-103.105,32.533],[-103.102,32.561],[-103.139,32.596],[-103.214,32.642],[-103.239,32.675],[-103.37,32.739],[-103.582,32.795],[-103.615,32.823],[-103.619,32.85],[-103.641,32.852],[-103.76,32.96],[-103.846,33.014]]]},"properties":{"name":"Lower Pecos","huc4":"1307","states":"NM,TX"}},{"type":"Feature","geometry":{"type":"Polygon","coordinates":[[[-98.802,26.958],[-98.827,26.967],[-98.859,26.919],[-98.883,26.826],[-98.944,26.792],[-98.949,26.759],[-98.995,26.72],[-99.008,26.696],[-98.998,26.667],[-99.046,26.627],[-99.063,26.641],[-99.1,26.619],[-99.137,26.556],[-99.228,26.566],[-99.275,26.55],[-99.322,26.567],[-99.356,26.53],[-99.393,26.556],[-99.424,26.632],[-99.457,26.652],[-99.469,26.632],[-99.519,26.638],[-99.536,26.62],[-99.606,26.661],[-99.706,26.516],[-99.877,26.486],[-99.949,26.5],[-100.04,26.49],[-100.095,26.47],[-100.145,26.414],[-100.197,26.403],[-100.187,26.264],[-100.171,26.239],[-100.075,26.184],[-100.049,26.18],[-99.986,26.236],[-99.965,26.225],[-99.969,26.165],[-99.928,26.114],[-99.906,26.038],[-99.874,26.032],[-99.814,26.055],[-99.738,26.039],[-99.721,26.064],[-99.611,26.08],[-99.506,26.144],[-99.416,26.118],[-99.374,26.139],[-99.353,26.18],[-99.315,26.171],[-99.302,26.2],[-99.279,26.198],[-99.272,26.23],[-99.194,26.227],[-99.191,26.249],[-99.147,26.258],[-99.117,26.306],[-99.072,26.28],[-99.013,26.311],[-98.902,26.298],[-98.893,26.345],[-98.855,26.349],[-98.854,26.365],[-98.826,26.305],[-98.829,26.224],[-98.799,26.19],[-98.854,26.128],[-98.839,26.027],[-98.867,25.918],[-98.845,25.882],[-98.807,25.878],[-98.81,25.839],[-98.785,25.817],[-98.785,25.766],[-98.735,25.743],[-98.708,25.765],[-98.682,25.743],[-98.621,25.745],[-98.579,25.816],[-98.543,25.805],[-98.516,25.818],[-98.493,25.851],[-98.49,25.931],[-98.431,25.915],[-98.358,25.945],[-98.343,25.979],[-98.279,26.024],[-98.209,26.017],[-97.859,25.917],[-97.823,25.894],[-97.809,25.9],[-97.518,25.573],[-97.488,25.56],[-97.459,25.568],[-97.406,25.53],[-97.391,25.482],[-97.256,25.43],[-97.124,25.68],[-97.093,25.839],[-97.092,25.976],[-97.343,25.951],[-97.377,25.917],[-97.377,25.86],[-97.405,25.855],[-97.443,25.863],[-97.464,25.895],[-97.52,25.887],[-97.535,25.933],[-97.616,25.98],[-97.617,26.006],[-97.664,26.04],[-97.731,26.033],[-97.807,26.065],[-97.855,26.053],[-97.86,26.071],[-97.961,26.057],[-97.989,26.077],[-98.056,26.065],[-98.23,26.092],[-98.248,26.076],[-98.273,26.099],[-98.258,26.139],[-98.309,26.131],[-98.346,26.178],[-98.408,26.192],[-98.431,26.222],[-98.481,26.238],[-98.47,26.275],[-98.431,26.266],[-98.424,26.295],[-98.462,26.358],[-98.445,26.461],[-98.427,26.486],[-98.459,26.508],[-98.455,26.529],[-98.479,26.554],[-98.529,26.569],[-98.54,26.591],[-98.595,26.594],[-98.641,26.616],[-98.673,26.659],[-98.683,26.766],[-98.728,26.82],[-98.718,26.829],[-98.748,26.931],[-98.769,26.956],[-98.802,26.958]]]},"properties":{"name":"Lower Rio Grande","huc4":"1309","states":"MX,TX"}},{"type":"Feature","geometry":{"type":"Polygon","coordinates":[[[-100.409,30.12],[-100.466,30.063],[-100.468,30.036],[-100.492,30.015],[-100.491,29.97],[-100.532,29.908],[-100.554,29.903],[-100.567,29.844],[-100.563,29.824],[-100.519,29.818],[-100.505,29.782],[-100.484,29.775],[-100.497,29.749],[-100.487,29.73],[-100.506,29.728],[-100.513,29.689],[-100.48,29.661],[-100.456,29.666],[-100.454,29.641],[-100.433,29.626],[-100.429,29.574],[-100.462,29.544],[-100.401,29.509],[-100.367,29.518],[-100.373,29.504],[-100.356,29.503],[-100.353,29.482],[-100.316,29.479],[-100.305,29.464],[-100.324,29.452],[-100.321,29.401],[-100.389,29.368],[-100.375,29.312],[-100.407,29.177],[-100.371,29.085],[-100.377,29.035],[-100.339,29.005],[-100.359,28.953],[-100.351,28.919],[-100.378,28.9],[-100.374,28.847],[-100.4,28.816],[-100.384,28.798],[-100.399,28.789],[-100.391,28.76],[-100.339,28.727],[-100.28,28.638],[-100.241,28.623],[-100.246,28.594],[-100.184,28.506],[-100.116,28.499],[-100.105,28.477],[-100.068,28.485],[-100.044,28.452],[-100.027,28.455],[-100.036,28.436],[-100.02,28.405],[-99.974,28.403],[-99.952,28.368],[-99.961,28.33],[-99.919,28.256],[-99.93,28.204],[-99.892,28.202],[-99.872,28.156],[-99.891,28.147],[-99.883,28.11],[-99.821,28.078],[-99.813,28.047],[-99.756,28.054],[-99.745,28.078],[-99.679,28.064],[-99.609,28.101],[-99.591,28.073],[-99.55,28.07],[-99.521,28.014],[-99.537,27.994],[-99.534,27.965],[-99.504,27.959],[-99.504,27.928],[-99.47,27.926],[-99.455,27.763],[-99.399,27.727],[-99.358,27.72],[-99.345,27.675],[-99.299,27.671],[-99.283,27.598],[-99.229,27.588],[-99.195,27.615],[-99.178,27.597],[-99.123,27.586],[-99.093,27.556],[-99.073,27.565],[-98.96,27.537],[-98.971,27.495],[-98.992,27.487],[-98.979,27.465],[-98.992,27.371],[-98.949,27.343],[-98.897,27.338],[-98.887,27.314],[-98.86,27.315],[-98.872,27.3],[-98.86,27.2],[-98.87,27.153],[-98.864,27.09],[-98.835,27.018],[-98.84,26.976],[-98.769,26.956],[-98.748,26.931],[-98.718,26.829],[-98.728,26.82],[-98.683,26.766],[-98.673,26.659],[-98.641,26.616],[-98.595,26.594],[-98.54,26.591],[-98.529,26.569],[-98.479,26.554],[-98.455,26.529],[-98.459,26.508],[-98.427,26.486],[-98.445,26.461],[-98.462,26.358],[-98.424,26.295],[-98.431,26.266],[-98.471,26.273],[-98.477,26.232],[-98.431,26.222],[-98.369,26.176],[-98.346,26.178],[-98.309,26.131],[-98.258,26.139],[-98.273,26.099],[-98.247,26.076],[-98.23,26.092],[-98.056,26.065],[-97.989,26.077],[-97.961,26.057],[-97.86,26.071],[-97.855,26.053],[-97.807,26.065],[-97.731,26.033],[-97.664,26.04],[-97.617,26.006],[-97.616,25.98],[-97.535,25.933],[-97.52,25.887],[-97.464,25.895],[-97.433,25.859],[-97.38,25.857],[-97.377,25.917],[-97.343,25.951],[-97.092,25.976],[-97.09,26.075],[-97.108,26.107],[-97.143,26.322],[-97.305,26.861],[-97.32,27.103],[-97.291,27.274],[-97.227,27.448],[-97.096,27.686],[-97.024,27.78],[-96.986,27.805],[-97.057,27.844],[-97.214,27.815],[-97.189,27.871],[-97.302,27.929],[-97.346,27.926],[-97.404,27.964],[-97.418,27.933],[-97.457,27.929],[-97.486,27.905],[-97.549,27.948],[-97.597,27.956],[-97.653,27.942],[-97.684,27.996],[-97.719,28.019],[-97.757,28.125],[-97.802,28.199],[-97.834,28.205],[-97.861,28.244],[-97.861,28.278],[-97.891,28.308],[-97.891,28.353],[-97.908,28.374],[-97.894,28.434],[-97.918,28.487],[-97.953,28.511],[-97.97,28.561],[-97.947,28.595],[-97.965,28.617],[-97.962,28.646],[-97.936,28.707],[-97.951,28.746],[-97.984,28.768],[-97.993,28.806],[-98.021,28.832],[-98.125,28.854],[-98.115,28.9],[-98.145,28.911],[-98.193,29.023],[-98.232,29.037],[-98.259,29.079],[-98.311,29.09],[-98.323,29.125],[-98.372,29.125],[-98.378,29.148],[-98.415,29.151],[-98.436,29.173],[-98.471,29.168],[-98.485,29.186],[-98.581,29.177],[-98.603,29.19],[-98.657,29.152],[-98.711,29.2],[-98.743,29.204],[-98.778,29.279],[-98.867,29.291],[-98.882,29.334],[-98.964,29.396],[-98.943,29.421],[-98.942,29.455],[-98.92,29.47],[-98.95,29.497],[-98.942,29.523],[-98.985,29.527],[-99.024,29.572],[-99.052,29.575],[-99.048,29.619],[-99.076,29.667],[-99.115,29.661],[-99.147,29.687],[-99.194,29.673],[-99.317,29.748],[-99.338,29.748],[-99.337,29.731],[-99.359,29.719],[-99.373,29.736],[-99.409,29.725],[-99.449,29.737],[-99.471,29.762],[-99.465,29.784],[-99.515,29.798],[-99.523,29.825],[-99.572,29.861],[-99.576,29.901],[-99.606,29.943],[-99.655,29.947],[-99.691,29.983],[-99.746,30.001],[-99.801,29.989],[-99.834,30.023],[-99.905,30.048],[-99.928,30.077],[-100.056,30.07],[-100.118,30.092],[-100.229,30.003],[-100.265,30.051],[-100.367,30.059],[-100.391,30.12],[-100.409,30.12]]]},"properties":{"name":"Nueces-Southwestern Texas Coastal","huc4":"1211","states":"TX"}},{"type":"Feature","geometry":{"type":"Polygon","coordinates":[[[-95.691,32.539],[-95.722,32.54],[-95.744,32.518],[-95.74,32.485],[-95.79,32.499],[-95.811,32.529],[-95.862,32.487],[-95.904,32.486],[-95.925,32.457],[-95.912,32.408],[-95.925,32.381],[-95.876,32.307],[-95.835,32.323],[-95.806,32.313],[-95.797,32.267],[-95.817,32.225],[-95.807,32.203],[-95.776,32.197],[-95.774,32.167],[-95.725,32.135],[-95.691,32.142],[-95.703,32.113],[-95.686,32.07],[-95.701,32.064],[-95.703,32.037],[-95.68,31.925],[-95.706,31.901],[-95.681,31.873],[-95.656,31.871],[-95.651,31.812],[-95.663,31.785],[-95.641,31.776],[-95.63,31.74],[-95.56,31.703],[-95.529,31.659],[-95.519,31.588],[-95.487,31.549],[-95.481,31.476],[-95.367,31.408],[-95.344,31.361],[-95.259,31.351],[-95.249,31.284],[-95.22,31.272],[-95.222,31.225],[-95.176,31.188],[-95.196,31.124],[-95.173,31.112],[-95.158,31.072],[-95.052,31.024],[-95.023,31.027],[-95.009,30.996],[-94.957,30.968],[-94.947,30.944],[-94.918,30.935],[-94.859,30.949],[-94.804,30.902],[-94.796,30.883],[-94.819,30.808],[-94.761,30.705],[-94.773,30.676],[-94.743,30.62],[-94.692,30.59],[-94.683,30.549],[-94.66,30.529],[-94.676,30.512],[-94.665,30.512],[-94.665,30.483],[-94.694,30.472],[-94.7,30.441],[-94.726,30.453],[-94.752,30.432],[-94.736,30.396],[-94.755,30.376],[-94.734,30.342],[-94.748,30.3],[-94.711,30.278],[-94.707,30.213],[-94.642,30.133],[-94.652,30.105],[-94.609,30.088],[-94.615,30.064],[-94.537,30.004],[-94.458,29.993],[-94.422,30.033],[-94.295,30.082],[-94.291,30.107],[-94.212,30.105],[-94.172,30.143],[-94.132,30.104],[-94.108,30.101],[-94.112,30.08],[-94.076,30.069],[-94.078,30.052],[-94.045,30.009],[-93.97,29.981],[-93.942,29.993],[-93.927,29.965],[-93.935,29.953],[-93.889,29.968],[-93.876,29.953],[-93.853,29.972],[-93.883,30.05],[-93.895,30.052],[-93.877,30.082],[-93.952,30.087],[-94.004,30.147],[-93.993,30.178],[-93.932,30.211],[-93.972,30.213],[-93.959,30.271],[-94.006,30.302],[-94.01,30.335],[-94.026,30.345],[-94.011,30.369],[-94.028,30.375],[-93.994,30.419],[-93.999,30.451],[-93.969,30.455],[-93.964,30.474],[-93.99,30.484],[-94.006,30.515],[-94.006,30.544],[-93.986,30.558],[-94.008,30.567],[-93.996,30.594],[-94.017,30.627],[-94.015,30.683],[-93.995,30.707],[-94.016,30.773],[-93.978,30.809],[-93.977,30.869],[-93.928,30.896],[-93.955,31.049],[-93.898,31.064],[-93.872,31.164],[-93.911,31.219],[-93.928,31.279],[-93.966,31.292],[-93.968,31.318],[-94.058,31.422],[-94.069,31.469],[-94.058,31.483],[-94.077,31.513],[-94.065,31.54],[-94.082,31.579],[-94.074,31.592],[-94.091,31.618],[-94.118,31.614],[-94.167,31.681],[-94.208,31.687],[-94.277,31.731],[-94.343,31.839],[-94.38,31.847],[-94.429,31.923],[-94.477,31.938],[-94.504,31.964],[-94.632,31.971],[-94.643,32.0],[-94.659,31.991],[-94.687,32.006],[-94.668,32.077],[-94.707,32.094],[-94.736,32.141],[-94.754,32.138],[-94.763,32.175],[-94.849,32.18],[-94.924,32.257],[-94.94,32.246],[-94.961,32.261],[-95.013,32.259],[-95.05,32.305],[-95.042,32.332],[-95.064,32.365],[-95.111,32.367],[-95.152,32.327],[-95.252,32.325],[-95.269,32.351],[-95.243,32.37],[-95.255,32.387],[-95.28,32.384],[-95.282,32.42],[-95.3,32.414],[-95.321,32.432],[-95.372,32.424],[-95.385,32.449],[-95.378,32.472],[-95.396,32.483],[-95.393,32.514],[-95.415,32.515],[-95.459,32.464],[-95.5,32.504],[-95.531,32.501],[-95.541,32.532],[-95.585,32.52],[-95.691,32.539]]]},"properties":{"name":"Neches","huc4":"1202","states":"TX"}},{"type":"Feature","geometry":{"type":"Polygon","coordinates":[[[-106.399,31.994],[-106.502,31.969],[-106.499,31.841],[-106.485,31.807],[-106.51,31.777],[-106.546,31.787],[-106.551,31.769],[-106.579,31.765],[-106.584,31.712],[-106.564,31.685],[-106.523,31.668],[-106.537,31.637],[-106.523,31.624],[-106.528,31.579],[-106.462,31.494],[-106.479,31.477],[-106.477,31.438],[-106.383,31.375],[-106.294,31.278],[-106.24,31.196],[-106.246,31.152],[-106.206,31.107],[-106.215,31.082],[-106.149,31.009],[-106.155,30.969],[-106.128,30.975],[-106.104,30.946],[-106.058,30.934],[-106.031,30.908],[-105.951,30.884],[-105.918,30.881],[-105.816,30.915],[-105.789,30.84],[-105.765,30.821],[-105.668,30.78],[-105.641,30.778],[-105.609,30.803],[-105.554,30.728],[-105.449,30.702],[-105.444,30.666],[-105.413,30.664],[-105.403,30.617],[-105.376,30.601],[-105.362,30.566],[-105.349,30.572],[-105.333,30.554],[-105.205,30.577],[-105.201,30.561],[-105.159,30.554],[-105.131,30.503],[-105.089,30.466],[-105.061,30.473],[-105.017,30.449],[-104.958,30.478],[-104.967,30.416],[-104.939,30.347],[-104.955,30.318],[-104.944,30.262],[-104.904,30.18],[-104.885,30.175],[-104.888,30.112],[-104.853,30.094],[-104.853,30.072],[-104.877,30.067],[-104.857,30.025],[-104.87,30.012],[-104.828,29.995],[-104.813,29.931],[-104.845,29.869],[-104.836,29.779],[-104.815,29.771],[-104.798,29.734],[-104.772,29.725],[-104.746,29.679],[-104.654,29.667],[-104.646,29.642],[-104.61,29.644],[-104.591,29.614],[-104.572,29.614],[-104.511,29.561],[-104.448,29.579],[-104.421,29.561],[-104.415,29.533],[-104.436,29.501],[-104.423,29.478],[-104.444,29.467],[-104.387,29.356],[-104.416,29.31],[-104.405,29.274],[-104.434,29.241],[-104.496,29.236],[-104.51,29.271],[-104.588,29.312],[-104.64,29.296],[-104.629,29.248],[-104.653,29.23],[-104.619,29.137],[-104.574,29.064],[-104.469,29.039],[-104.45,28.981],[-104.429,28.98],[-104.417,28.959],[-104.391,28.976],[-104.37,28.964],[-104.339,28.973],[-104.265,28.867],[-104.23,28.885],[-104.186,28.879],[-104.156,28.825],[-104.169,28.739],[-104.189,28.728],[-104.175,28.702],[-104.039,28.709],[-103.973,28.677],[-103.97,28.649],[-103.922,28.613],[-103.913,28.627],[-103.884,28.619],[-103.862,28.633],[-103.834,28.62],[-103.82,28.556],[-103.772,28.518],[-103.757,28.487],[-103.779,28.455],[-103.834,28.452],[-103.827,28.418],[-103.847,28.4],[-103.827,28.372],[-103.848,28.355],[-103.798,28.316],[-103.733,28.317],[-103.662,28.259],[-103.605,28.263],[-103.592,28.235],[-103.555,28.211],[-103.563,28.192],[-103.543,28.186],[-103.53,28.216],[-103.476,28.23],[-103.514,28.255],[-103.499,28.285],[-103.442,28.297],[-103.446,28.309],[-103.42,28.312],[-103.405,28.338],[-103.4,28.321],[-103.37,28.317],[-103.367,28.363],[-103.344,28.391],[-103.275,28.427],[-103.191,28.436],[-103.113,28.381],[-103.09,28.387],[-103.075,28.362],[-103.109,28.325],[-103.013,28.181],[-102.932,28.101],[-102.911,28.049],[-102.872,28.049],[-102.823,27.999],[-102.793,28.027],[-102.79,28.072],[-102.727,28.08],[-102.657,28.071],[-102.606,28.041],[-102.593,28.04],[-102.577,28.071],[-102.557,28.067],[-102.549,28.04],[-102.519,28.058],[-102.416,27.989],[-102.398,27.961],[-102.368,27.973],[-102.367,28.002],[-102.389,28.026],[-102.388,28.061],[-102.367,28.073],[-102.496,28.289],[-102.518,28.358],[-102.576,28.411],[-102.528,28.436],[-102.566,28.513],[-102.566,28.547],[-102.537,28.544],[-102.526,28.559],[-102.535,28.603],[-102.556,28.622],[-102.477,28.654],[-102.527,28.747],[-102.507,28.777],[-102.501,28.847],[-102.525,28.889],[-102.506,28.926],[-102.45,28.965],[-102.403,28.951],[-102.285,28.964],[-102.201,28.911],[-102.132,29.023],[-102.08,28.984],[-102.028,29.001],[-101.997,28.984],[-101.974,29.006],[-101.911,29.007],[-101.867,28.986],[-101.818,28.987],[-101.763,29.011],[-101.747,29.045],[-101.697,29.083],[-101.66,29.079],[-101.625,29.116],[-101.586,29.103],[-101.579,29.127],[-101.494,29.192],[-101.492,29.232],[-101.426,29.248],[-101.34,29.297],[-101.286,29.294],[-101.288,29.315],[-101.198,29.378],[-101.165,29.437],[-101.112,29.449],[-101.107,29.434],[-101.017,29.466],[-100.95,29.454],[-100.926,29.473],[-100.895,29.45],[-100.85,29.468],[-100.808,29.502],[-100.8,29.579],[-100.855,29.667],[-100.845,29.69],[-100.766,29.747],[-100.651,29.735],[-100.608,29.789],[-100.567,29.813],[-100.555,29.901],[-100.518,29.925],[-100.491,29.97],[-100.491,30.017],[-100.412,30.128],[-100.412,30.145],[-100.494,30.214],[-100.451,30.274],[-100.467,30.287],[-100.468,30.344],[-100.481,30.353],[-100.465,30.367],[-100.464,30.385],[-100.484,30.392],[-100.466,30.42],[-100.492,30.428],[-100.484,30.46],[-100.501,30.472],[-100.486,30.561],[-100.512,30.585],[-100.504,30.643],[-100.528,30.673],[-100.533,30.724],[-100.552,30.731],[-100.556,30.756],[-100.602,30.775],[-100.614,30.844],[-100.748,30.893],[-100.843,30.958],[-100.896,30.968],[-100.927,31.002],[-100.923,31.037],[-100.976,31.022],[-100.996,31.034],[-101.004,31.006],[-101.043,31.018],[-101.063,31.007],[-101.091,31.028],[-101.135,31.007],[-101.218,31.054],[-101.255,31.049],[-101.262,30.995],[-101.279,30.987],[-101.307,30.91],[-101.373,30.878],[-101.328,30.855],[-101.336,30.838],[-101.317,30.8],[-101.301,30.798],[-101.285,30.749],[-101.292,30.715],[-101.259,30.667],[-101.275,30.637],[-101.277,30.606],[-101.26,30.586],[-101.27,30.551],[-101.361,30.488],[-101.344,30.411],[-101.322,30.39],[-101.333,30.38],[-101.327,30.342],[-101.359,30.318],[-101.364,30.283],[-101.311,30.208],[-101.341,30.166],[-101.306,30.132],[-101.301,30.077],[-101.265,30.029],[-101.26,29.982],[-101.239,29.964],[-101.244,29.932],[-101.203,29.924],[-101.184,29.863],[-101.162,29.859],[-101.161,29.835],[-101.136,29.815],[-101.169,29.775],[-101.189,29.786],[-101.238,29.751],[-101.307,29.751],[-101.356,29.691],[-101.389,29.747],[-101.388,29.783],[-101.438,29.786],[-101.489,29.823],[-101.501,29.856],[-101.58,29.876],[-101.615,29.91],[-101.611,29.931],[-101.635,29.958],[-101.63,30.035],[-101.665,30.045],[-101.692,30.082],[-101.722,30.08],[-101.747,30.125],[-101.829,30.156],[-101.874,30.227],[-101.867,30.24],[-101.918,30.281],[-101.912,30.309],[-101.935,30.328],[-101.93,30.369],[-101.99,30.365],[-102.045,30.39],[-102.097,30.438],[-102.229,30.488],[-102.258,30.479],[-102.284,30.498],[-102.359,30.482],[-102.384,30.497],[-102.444,30.485],[-102.475,30.497],[-102.533,30.496],[-102.553,30.481],[-102.58,30.491],[-102.62,30.473],[-102.629,30.483],[-102.694,30.455],[-102.728,30.395],[-102.764,30.367],[-102.767,30.384],[-102.793,30.369],[-102.835,30.374],[-102.851,30.393],[-102.85,30.42],[-102.902,30.414],[-102.939,30.431],[-102.95,30.42],[-102.973,30.448],[-102.992,30.425],[-103.054,30.418],[-103.096,30.38],[-103.163,30.364],[-103.18,30.402],[-103.231,30.399],[-103.247,30.351],[-103.299,30.371],[-103.306,30.339],[-103.36,30.327],[-103.369,30.301],[-103.406,30.318],[-103.494,30.302],[-103.522,30.248],[-103.567,30.262],[-103.585,30.251],[-103.618,30.273],[-103.648,30.262],[-103.66,30.288],[-103.718,30.271],[-103.719,30.288],[-103.76,30.296],[-103.77,30.258],[-103.823,30.288],[-103.826,30.33],[-103.843,30.334],[-103.828,30.402],[-103.867,30.4],[-103.899,30.444],[-103.914,30.439],[-103.938,30.47],[-103.964,30.47],[-103.992,30.5],[-104.023,30.5],[-104.139,30.598],[-104.163,30.564],[-104.169,30.517],[-104.152,30.497],[-104.165,30.45],[-104.258,30.349],[-104.262,30.324],[-104.239,30.298],[-104.253,30.261],[-104.328,30.225],[-104.407,30.156],[-104.396,30.148],[-104.406,30.11],[-104.468,30.054],[-104.535,30.105],[-104.534,30.176],[-104.553,30.196],[-104.521,30.256],[-104.525,30.276],[-104.549,30.277],[-104.552,30.299],[-104.589,30.303],[-104.622,30.399],[-104.653,30.448],[-104.671,30.438],[-104.692,30.484],[-104.678,30.546],[-104.708,30.569],[-104.713,30.666],[-104.755,30.682],[-104.768,30.718],[-104.837,30.755],[-104.852,30.812],[-104.843,30.827],[-104.863,30.858],[-104.918,30.883],[-105.032,30.865],[-105.051,30.892],[-105.082,30.9],[-105.087,30.931],[-105.116,30.965],[-105.149,30.974],[-105.134,30.997],[-105.127,31.122],[-105.158,31.188],[-105.177,31.188],[-105.179,31.235],[-105.201,31.254],[-105.165,31.258],[-105.248,31.322],[-105.315,31.302],[-105.386,31.313],[-105.421,31.327],[-105.444,31.368],[-105.509,31.392],[-105.533,31.379],[-105.562,31.41],[-105.609,31.423],[-105.624,31.459],[-105.646,31.457],[-105.658,31.495],[-105.692,31.526],[-105.678,31.554],[-105.758,31.622],[-105.739,31.679],[-105.75,31.691],[-105.772,31.682],[-105.761,31.722],[-105.785,31.805],[-105.845,31.817],[-105.839,31.846],[-105.859,31.872],[-105.882,31.864],[-105.884,31.89],[-105.965,31.899],[-105.999,31.928],[-106.048,31.907],[-106.098,31.907],[-106.117,31.959],[-106.143,31.974],[-106.195,31.961],[-106.254,31.971],[-106.294,31.943],[-106.36,31.99],[-106.399,31.994]]]},"properties":{"name":"Rio Grande-Amistad","huc4":"1304","states":"MX,NM,TX"}},{"type":"Feature","geometry":{"type":"Polygon","coordinates":[[[-100.553,29.821],[-100.608,29.789],[-100.651,29.735],[-100.729,29.737],[-100.747,29.75],[-100.837,29.701],[-100.855,29.667],[-100.8,29.579],[-100.815,29.491],[-100.895,29.45],[-100.927,29.473],[-100.941,29.455],[-100.998,29.468],[-101.107,29.434],[-101.112,29.449],[-101.165,29.437],[-101.198,29.378],[-101.288,29.315],[-101.286,29.294],[-101.34,29.297],[-101.426,29.248],[-101.492,29.232],[-101.494,29.192],[-101.579,29.127],[-101.586,29.103],[-101.625,29.116],[-101.66,29.079],[-101.697,29.083],[-101.747,29.045],[-101.763,29.011],[-101.818,28.987],[-101.697,28.926],[-101.701,28.912],[-101.636,28.849],[-101.616,28.794],[-101.586,28.79],[-101.543,28.711],[-101.549,28.651],[-101.509,28.629],[-101.46,28.551],[-101.409,28.53],[-101.4,28.435],[-101.369,28.422],[-101.299,28.349],[-101.232,28.333],[-101.18,28.254],[-101.005,28.215],[-100.972,28.155],[-100.928,28.167],[-100.905,28.156],[-100.914,28.138],[-100.895,28.105],[-100.85,28.1],[-100.828,28.079],[-100.833,28.056],[-100.805,28.06],[-100.833,27.994],[-100.758,27.949],[-100.755,27.91],[-100.683,27.942],[-100.551,27.939],[-100.519,27.958],[-100.338,27.969],[-100.282,27.692],[-100.239,27.611],[-100.184,27.612],[-100.147,27.593],[-100.109,27.646],[-100.079,27.624],[-100.061,27.638],[-100.001,27.604],[-99.997,27.568],[-99.98,27.555],[-99.984,27.511],[-99.949,27.469],[-99.888,27.448],[-99.871,27.371],[-99.886,27.349],[-99.936,27.362],[-99.947,27.328],[-99.92,27.282],[-99.927,27.219],[-99.893,27.178],[-99.879,27.067],[-99.833,27.049],[-99.82,27.019],[-99.786,27.019],[-99.734,26.991],[-99.719,27.002],[-99.68,26.966],[-99.655,26.99],[-99.615,26.98],[-99.591,26.953],[-99.554,26.944],[-99.545,26.922],[-99.514,26.93],[-99.476,26.893],[-99.433,26.886],[-99.404,26.846],[-99.338,26.855],[-99.305,26.84],[-99.301,26.728],[-99.325,26.701],[-99.382,26.705],[-99.383,26.676],[-99.423,26.629],[-99.393,26.557],[-99.365,26.533],[-99.345,26.533],[-99.322,26.567],[-99.275,26.55],[-99.228,26.566],[-99.137,26.556],[-99.1,26.619],[-99.063,26.641],[-99.046,26.627],[-98.998,26.667],[-99.008,26.696],[-98.995,26.72],[-98.949,26.759],[-98.944,26.792],[-98.89,26.816],[-98.865,26.864],[-98.859,26.919],[-98.83,26.957],[-98.843,26.985],[-98.839,27.039],[-98.867,27.111],[-98.86,27.2],[-98.873,27.275],[-98.86,27.315],[-98.887,27.314],[-98.912,27.345],[-98.989,27.36],[-98.979,27.465],[-98.992,27.487],[-98.971,27.495],[-98.96,27.537],[-99.073,27.565],[-99.093,27.556],[-99.123,27.586],[-99.178,27.597],[-99.195,27.615],[-99.229,27.588],[-99.27,27.589],[-99.295,27.617],[-99.286,27.639],[-99.299,27.671],[-99.345,27.675],[-99.358,27.72],[-99.452,27.76],[-99.472,27.849],[-99.47,27.926],[-99.504,27.928],[-99.504,27.959],[-99.534,27.965],[-99.537,27.994],[-99.521,28.014],[-99.55,28.07],[-99.591,28.073],[-99.609,28.101],[-99.679,28.064],[-99.745,28.078],[-99.756,28.054],[-99.77,28.062],[-99.798,28.043],[-99.813,28.047],[-99.822,28.079],[-99.88,28.107],[-99.891,28.145],[-99.872,28.155],[-99.879,28.181],[-99.893,28.203],[-99.93,28.204],[-99.919,28.256],[-99.961,28.33],[-99.952,28.368],[-99.974,28.403],[-100.02,28.405],[-100.036,28.436],[-100.027,28.455],[-100.044,28.452],[-100.068,28.485],[-100.105,28.477],[-100.116,28.499],[-100.184,28.506],[-100.246,28.594],[-100.241,28.623],[-100.28,28.638],[-100.339,28.727],[-100.385,28.749],[-100.399,28.788],[-100.384,28.799],[-100.4,28.816],[-100.374,28.847],[-100.378,28.9],[-100.351,28.919],[-100.359,28.953],[-100.339,29.005],[-100.377,29.035],[-100.371,29.085],[-100.407,29.177],[-100.375,29.312],[-100.389,29.368],[-100.321,29.401],[-100.324,29.452],[-100.305,29.464],[-100.316,29.479],[-100.353,29.482],[-100.356,29.503],[-100.373,29.504],[-100.367,29.518],[-100.401,29.509],[-100.462,29.544],[-100.429,29.574],[-100.433,29.626],[-100.454,29.641],[-100.456,29.666],[-100.48,29.661],[-100.513,29.689],[-100.506,29.728],[-100.487,29.73],[-100.497,29.749],[-100.484,29.775],[-100.505,29.782],[-100.519,29.818],[-100.553,29.821]]]},"properties":{"name":"Rio Grande-Falcon","huc4":"1308","states":"MX,TX"}},{"type":"Feature","geometry":{"type":"Polygon","coordinates":[[[-96.422,34.891],[-96.481,34.878],[-96.506,34.851],[-96.56,34.848],[-96.572,34.831],[-96.617,34.834],[-96.634,34.801],[-96.628,34.777],[-96.675,34.773],[-96.743,34.691],[-96.805,34.662],[-96.826,34.669],[-96.873,34.632],[-96.873,34.602],[-96.853,34.601],[-96.845,34.573],[-96.852,34.548],[-96.719,34.48],[-96.681,34.443],[-96.682,34.402],[-96.628,34.357],[-96.58,34.218],[-96.543,34.211],[-96.509,34.178],[-96.475,34.066],[-96.483,34.043],[-96.454,33.998],[-96.468,33.956],[-96.52,33.937],[-96.562,33.882],[-96.571,33.816],[-96.628,33.812],[-96.647,33.701],[-96.691,33.672],[-96.701,33.638],[-96.692,33.618],[-96.709,33.585],[-96.688,33.537],[-96.645,33.531],[-96.62,33.493],[-96.601,33.522],[-96.561,33.505],[-96.548,33.519],[-96.515,33.509],[-96.438,33.522],[-96.371,33.444],[-96.352,33.45],[-96.323,33.421],[-96.249,33.405],[-96.214,33.323],[-96.146,33.294],[-96.124,33.303],[-96.027,33.206],[-96.026,33.177],[-95.975,33.161],[-95.962,33.171],[-95.896,33.126],[-95.827,33.148],[-95.792,33.119],[-95.736,33.111],[-95.704,33.09],[-95.632,33.116],[-95.63,33.091],[-95.582,33.06],[-95.56,33.081],[-95.497,33.076],[-95.429,33.04],[-95.361,33.056],[-95.355,33.017],[-95.221,32.91],[-95.219,32.872],[-95.203,32.865],[-95.225,32.816],[-95.205,32.816],[-95.195,32.771],[-95.128,32.748],[-95.077,32.668],[-95.028,32.701],[-94.981,32.712],[-94.889,32.616],[-94.865,32.605],[-94.832,32.616],[-94.807,32.592],[-94.762,32.591],[-94.73,32.579],[-94.711,32.542],[-94.651,32.548],[-94.619,32.535],[-94.614,32.518],[-94.554,32.558],[-94.526,32.557],[-94.51,32.54],[-94.431,32.579],[-94.386,32.553],[-94.321,32.566],[-94.253,32.558],[-94.218,32.523],[-94.223,32.508],[-94.208,32.507],[-94.176,32.433],[-94.159,32.438],[-94.149,32.415],[-94.122,32.407],[-94.086,32.414],[-94.041,32.383],[-94.043,32.328],[-93.986,32.303],[-93.998,32.288],[-93.985,32.271],[-94.005,32.247],[-93.985,32.226],[-93.942,32.226],[-93.937,32.203],[-93.872,32.192],[-93.855,32.15],[-93.798,32.135],[-93.799,32.112],[-93.761,32.071],[-93.768,32.043],[-93.745,32.02],[-93.696,32.044],[-93.656,32.013],[-93.636,32.024],[-93.608,31.995],[-93.573,32.004],[-93.581,31.976],[-93.565,31.964],[-93.563,31.924],[-93.575,31.885],[-93.557,31.861],[-93.5,31.856],[-93.489,31.828],[-93.465,31.822],[-93.475,31.786],[-93.436,31.726],[-93.483,31.702],[-93.475,31.68],[-93.442,31.651],[-93.412,31.654],[-93.411,31.627],[-93.367,31.595],[-93.365,31.535],[-93.314,31.453],[-93.317,31.403],[-93.273,31.369],[-93.269,31.349],[-93.192,31.346],[-93.17,31.373],[-93.078,31.366],[-93.016,31.416],[-93.006,31.447],[-92.945,31.367],[-92.885,31.375],[-92.899,31.416],[-92.889,31.431],[-92.85,31.421],[-92.845,31.339],[-92.825,31.341],[-92.834,31.308],[-92.811,31.298],[-92.82,31.281],[-92.792,31.257],[-92.794,31.239],[-92.742,31.208],[-92.717,31.244],[-92.721,31.373],[-92.695,31.392],[-92.619,31.371],[-92.57,31.377],[-92.49,31.333],[-92.461,31.339],[-92.447,31.314],[-92.425,31.32],[-92.431,31.338],[-92.412,31.35],[-92.424,31.387],[-92.482,31.421],[-92.497,31.447],[-92.509,31.486],[-92.49,31.5],[-92.504,31.537],[-92.56,31.566],[-92.536,31.603],[-92.568,31.64],[-92.544,31.706],[-92.55,31.727],[-92.679,31.835],[-92.736,31.863],[-92.75,31.856],[-92.781,31.884],[-92.783,31.908],[-92.819,31.948],[-92.828,31.983],[-92.815,31.997],[-92.859,32.049],[-92.867,32.086],[-92.893,32.1],[-92.902,32.148],[-92.934,32.167],[-92.932,32.208],[-92.952,32.229],[-92.916,32.288],[-92.929,32.316],[-92.905,32.355],[-92.897,32.425],[-92.881,32.433],[-92.867,32.496],[-92.885,32.534],[-92.874,32.55],[-92.896,32.579],[-92.921,32.585],[-92.924,32.614],[-92.956,32.633],[-92.988,32.687],[-93.044,32.7],[-93.071,32.756],[-93.1,32.762],[-93.102,32.799],[-93.133,32.835],[-93.128,32.901],[-93.107,32.936],[-93.148,32.971],[-93.116,33.004],[-93.119,33.059],[-93.15,33.079],[-93.12,33.104],[-93.146,33.142],[-93.128,33.173],[-93.168,33.278],[-93.148,33.324],[-93.194,33.349],[-93.184,33.383],[-93.237,33.437],[-93.229,33.449],[-93.304,33.591],[-93.338,33.591],[-93.372,33.64],[-93.402,33.655],[-93.453,33.634],[-93.487,33.659],[-93.517,33.65],[-93.52,33.67],[-93.584,33.65],[-93.604,33.702],[-93.592,33.721],[-93.605,33.757],[-93.682,33.809],[-93.743,33.793],[-93.788,33.801],[-93.818,33.848],[-93.818,33.914],[-93.799,33.929],[-93.836,33.976],[-93.839,34.051],[-93.873,34.059],[-93.895,34.04],[-93.93,34.083],[-93.92,34.128],[-93.959,34.173],[-93.948,34.182],[-93.963,34.217],[-93.927,34.241],[-93.93,34.289],[-93.977,34.316],[-93.987,34.352],[-94.003,34.355],[-93.953,34.361],[-94.037,34.402],[-94.009,34.405],[-94.009,34.427],[-94.023,34.429],[-94.009,34.443],[-94.126,34.469],[-94.244,34.52],[-94.259,34.562],[-94.251,34.631],[-94.3,34.667],[-94.475,34.695],[-94.616,34.68],[-94.636,34.71],[-94.674,34.707],[-94.717,34.736],[-94.833,34.753],[-94.895,34.774],[-94.907,34.796],[-94.955,34.795],[-94.975,34.816],[-95.013,34.821],[-95.047,34.798],[-95.175,34.782],[-95.186,34.801],[-95.174,34.811],[-95.193,34.812],[-95.357,34.745],[-95.401,34.751],[-95.42,34.77],[-95.6,34.707],[-95.784,34.604],[-95.879,34.639],[-95.884,34.654],[-95.839,34.668],[-95.844,34.69],[-95.883,34.703],[-95.891,34.733],[-95.911,34.731],[-95.911,34.779],[-95.929,34.797],[-95.944,34.798],[-95.954,34.766],[-96.036,34.755],[-96.064,34.778],[-96.054,34.811],[-96.069,34.831],[-96.116,34.83],[-96.101,34.852],[-96.108,34.866],[-96.151,34.859],[-96.159,34.876],[-96.2,34.879],[-96.24,34.832],[-96.288,34.846],[-96.277,34.891],[-96.338,34.874],[-96.353,34.855],[-96.37,34.884],[-96.391,34.874],[-96.422,34.891]]]},"properties":{"name":"Red-Sulphur","huc4":"1114","states":"AR,LA,OK,TX"}},{"type":"Feature","geometry":{"type":"Polygon","coordinates":[[[-99.501,32.431],[-99.581,32.37],[-99.576,32.333],[-99.594,32.301],[-99.577,32.279],[-99.656,32.284],[-99.688,32.251],[-99.715,32.268],[-99.741,32.248],[-99.738,32.224],[-99.767,32.215],[-99.79,32.227],[-99.811,32.216],[-99.842,32.245],[-99.924,32.194],[-99.978,32.202],[-100.022,32.19],[-100.069,32.231],[-100.132,32.239],[-100.205,32.275],[-100.267,32.251],[-100.253,32.21],[-100.268,32.162],[-100.23,32.136],[-100.226,32.107],[-100.205,32.109],[-100.157,32.076],[-100.149,31.948],[-100.118,31.901],[-100.134,31.858],[-100.17,31.848],[-100.177,31.816],[-100.204,31.796],[-100.261,31.81],[-100.281,31.789],[-100.32,31.793],[-100.348,31.747],[-100.406,31.71],[-100.453,31.701],[-100.482,31.715],[-100.56,31.796],[-100.678,31.806],[-100.718,31.825],[-100.765,31.852],[-100.815,31.918],[-100.927,31.912],[-100.953,31.929],[-100.954,31.951],[-100.937,31.959],[-100.963,32.003],[-101.1,31.999],[-101.136,31.987],[-101.127,31.968],[-101.141,31.966],[-101.184,32.006],[-101.245,32.02],[-101.239,32.043],[-101.273,32.091],[-101.36,32.148],[-101.36,32.123],[-101.41,32.141],[-101.461,32.115],[-101.412,32.073],[-101.446,31.992],[-101.429,31.94],[-101.445,31.93],[-101.511,31.949],[-101.529,31.928],[-101.522,31.878],[-101.568,31.86],[-101.616,31.872],[-101.58,31.829],[-101.631,31.807],[-101.619,31.749],[-101.635,31.737],[-101.725,31.716],[-101.774,31.738],[-101.837,31.689],[-101.891,31.711],[-101.906,31.738],[-101.942,31.718],[-101.937,31.704],[-101.971,31.667],[-102.105,31.643],[-102.19,31.684],[-102.198,31.704],[-102.232,31.714],[-102.28,31.704],[-102.235,31.66],[-102.237,31.63],[-102.189,31.608],[-102.192,31.584],[-102.155,31.557],[-102.168,31.544],[-102.152,31.514],[-102.155,31.476],[-102.172,31.458],[-102.15,31.421],[-102.067,31.404],[-102.049,31.416],[-101.998,31.386],[-101.939,31.4],[-101.92,31.369],[-101.929,31.348],[-101.912,31.297],[-101.875,31.298],[-101.837,31.275],[-101.815,31.241],[-101.782,31.226],[-101.76,31.175],[-101.709,31.19],[-101.67,31.14],[-101.643,31.15],[-101.628,31.13],[-101.594,31.124],[-101.582,31.1],[-101.518,31.119],[-101.496,31.102],[-101.43,31.097],[-101.378,31.11],[-101.282,31.045],[-101.218,31.054],[-101.137,31.007],[-101.091,31.028],[-101.063,31.007],[-101.043,31.018],[-101.004,31.006],[-100.996,31.034],[-100.976,31.022],[-100.923,31.037],[-100.927,31.002],[-100.896,30.968],[-100.843,30.958],[-100.748,30.893],[-100.629,30.859],[-100.61,30.838],[-100.602,30.775],[-100.556,30.756],[-100.552,30.731],[-100.533,30.724],[-100.528,30.673],[-100.504,30.643],[-100.512,30.585],[-100.486,30.561],[-100.501,30.472],[-100.484,30.46],[-100.492,30.428],[-100.466,30.42],[-100.484,30.392],[-100.464,30.385],[-100.465,30.367],[-100.481,30.353],[-100.468,30.344],[-100.467,30.287],[-100.451,30.274],[-100.494,30.214],[-100.412,30.145],[-100.414,30.122],[-100.391,30.12],[-100.356,30.053],[-100.265,30.051],[-100.229,30.003],[-100.118,30.092],[-100.056,30.07],[-99.929,30.077],[-99.905,30.048],[-99.834,30.023],[-99.801,29.989],[-99.746,30.001],[-99.691,29.983],[-99.679,30.043],[-99.693,30.071],[-99.658,30.1],[-99.55,30.127],[-99.54,30.165],[-99.501,30.178],[-99.465,30.243],[-99.414,30.239],[-99.34,30.264],[-99.326,30.259],[-99.319,30.223],[-99.239,30.173],[-99.204,30.181],[-99.173,30.16],[-99.136,30.164],[-99.074,30.102],[-99.002,30.113],[-98.953,30.082],[-98.883,30.127],[-98.824,30.101],[-98.718,30.105],[-98.671,30.139],[-98.623,30.132],[-98.482,30.168],[-98.4,30.133],[-98.341,30.148],[-98.313,30.129],[-98.263,30.133],[-98.204,30.095],[-98.142,30.106],[-98.139,30.087],[-98.089,30.078],[-98.058,30.053],[-97.999,30.053],[-97.919,30.024],[-97.788,30.089],[-97.756,30.057],[-97.7,30.054],[-97.685,30.004],[-97.628,30.002],[-97.635,29.973],[-97.59,29.927],[-97.519,29.92],[-97.47,29.878],[-97.409,29.88],[-97.376,29.853],[-97.282,29.906],[-97.255,29.883],[-97.221,29.793],[-97.169,29.755],[-97.147,29.759],[-97.092,29.708],[-96.997,29.805],[-96.942,29.822],[-96.856,29.793],[-96.796,29.747],[-96.802,29.729],[-96.777,29.692],[-96.75,29.696],[-96.687,29.585],[-96.623,29.59],[-96.594,29.535],[-96.512,29.539],[-96.432,29.487],[-96.41,29.446],[-96.418,29.431],[-96.391,29.421],[-96.372,29.364],[-96.338,29.372],[-96.319,29.352],[-96.291,29.354],[-96.342,29.309],[-96.33,29.27],[-96.289,29.272],[-96.273,29.243],[-96.285,29.221],[-96.265,29.2],[-96.227,29.188],[-96.223,29.159],[-96.194,29.159],[-96.123,29.098],[-96.106,29.043],[-96.09,29.049],[-96.069,29.016],[-96.04,29.007],[-96.056,28.946],[-96.043,28.946],[-96.037,28.921],[-96.054,28.916],[-96.075,28.872],[-96.079,28.825],[-95.992,28.784],[-96.0,28.745],[-95.972,28.732],[-95.98,28.679],[-95.963,28.658],[-95.994,28.576],[-95.986,28.537],[-95.784,28.621],[-95.437,28.802],[-95.323,28.841],[-95.389,28.888],[-95.378,28.972],[-95.422,28.979],[-95.464,29.024],[-95.522,29.027],[-95.583,29.074],[-95.65,29.094],[-95.648,29.145],[-95.732,29.216],[-95.752,29.347],[-95.782,29.38],[-95.818,29.371],[-95.819,29.403],[-95.851,29.396],[-95.862,29.441],[-95.902,29.472],[-95.9,29.488],[-95.911,29.482],[-95.908,29.503],[-95.955,29.557],[-95.99,29.56],[-95.993,29.609],[-96.034,29.616],[-96.045,29.651],[-96.08,29.63],[-96.113,29.641],[-96.194,29.741],[-96.193,29.794],[-96.23,29.837],[-96.323,29.851],[-96.338,29.876],[-96.525,29.899],[-96.568,29.985],[-96.588,29.992],[-96.588,30.014],[-96.622,30.043],[-96.64,30.122],[-96.657,30.132],[-96.647,30.146],[-96.689,30.165],[-96.716,30.145],[-96.766,30.141],[-96.846,30.189],[-96.867,30.177],[-96.913,30.189],[-96.919,30.175],[-97.001,30.191],[-97.026,30.18],[-97.087,30.215],[-97.152,30.205],[-97.209,30.234],[-97.247,30.294],[-97.228,30.324],[-97.267,30.349],[-97.273,30.392],[-97.301,30.39],[-97.325,30.419],[-97.361,30.404],[-97.436,30.46],[-97.511,30.484],[-97.547,30.475],[-97.577,30.502],[-97.652,30.474],[-97.685,30.48],[-97.689,30.462],[-97.748,30.449],[-97.761,30.43],[-97.846,30.47],[-97.872,30.528],[-97.862,30.544],[-97.892,30.567],[-97.927,30.567],[-97.913,30.601],[-97.953,30.629],[-97.984,30.609],[-98.036,30.613],[-98.069,30.649],[-98.152,30.682],[-98.162,30.733],[-98.208,30.77],[-98.211,30.791],[-98.267,30.821],[-98.232,30.847],[-98.232,30.872],[-98.272,30.908],[-98.272,30.929],[-98.294,30.94],[-98.293,30.968],[-98.332,31.011],[-98.323,31.036],[-98.348,31.093],[-98.351,31.15],[-98.371,31.147],[-98.381,31.182],[-98.374,31.209],[-98.394,31.229],[-98.384,31.246],[-98.435,31.266],[-98.46,31.338],[-98.479,31.344],[-98.511,31.397],[-98.56,31.421],[-98.564,31.468],[-98.524,31.519],[-98.542,31.588],[-98.608,31.647],[-98.614,31.706],[-98.683,31.735],[-98.665,31.786],[-98.7,31.835],[-98.732,31.847],[-98.73,31.879],[-98.783,31.871],[-98.831,31.896],[-98.845,31.909],[-98.844,31.937],[-98.875,31.949],[-98.882,32.011],[-98.899,32.03],[-99.017,32.1],[-99.063,32.158],[-99.133,32.177],[-99.158,32.223],[-99.276,32.26],[-99.312,32.236],[-99.337,32.239],[-99.344,32.271],[-99.385,32.276],[-99.418,32.308],[-99.402,32.325],[-99.407,32.355],[-99.448,32.367],[-99.459,32.413],[-99.501,32.431]]]},"properties":{"name":"Lower Colorado-San Bernard Coastal","huc4":"1209","states":"TX"}},{"type":"Feature","geometry":{"type":"Polygon","coordinates":[[[-98.73,32.548],[-98.784,32.541],[-98.789,32.513],[-98.839,32.477],[-98.872,32.474],[-98.88,32.444],[-98.921,32.463],[-98.928,32.435],[-98.966,32.419],[-98.979,32.388],[-99.03,32.364],[-99.074,32.363],[-99.146,32.309],[-99.138,32.253],[-99.156,32.207],[-99.13,32.175],[-99.063,32.158],[-99.017,32.1],[-98.899,32.03],[-98.882,32.011],[-98.875,31.949],[-98.835,31.921],[-98.845,31.909],[-98.783,31.871],[-98.731,31.88],[-98.732,31.847],[-98.704,31.838],[-98.673,31.799],[-98.665,31.779],[-98.683,31.735],[-98.614,31.706],[-98.608,31.647],[-98.547,31.598],[-98.533,31.562],[-98.524,31.519],[-98.564,31.468],[-98.56,31.421],[-98.511,31.397],[-98.479,31.344],[-98.46,31.338],[-98.435,31.266],[-98.384,31.246],[-98.394,31.229],[-98.374,31.209],[-98.381,31.182],[-98.371,31.147],[-98.351,31.15],[-98.348,31.093],[-98.323,31.036],[-98.332,31.011],[-98.293,30.968],[-98.294,30.94],[-98.272,30.929],[-98.272,30.908],[-98.232,30.872],[-98.232,30.847],[-98.267,30.821],[-98.211,30.791],[-98.208,30.77],[-98.162,30.733],[-98.152,30.682],[-98.069,30.649],[-98.036,30.613],[-97.984,30.609],[-97.953,30.629],[-97.913,30.601],[-97.927,30.567],[-97.892,30.567],[-97.862,30.544],[-97.872,30.528],[-97.846,30.47],[-97.761,30.43],[-97.748,30.449],[-97.689,30.462],[-97.685,30.48],[-97.652,30.474],[-97.577,30.502],[-97.547,30.475],[-97.511,30.484],[-97.436,30.46],[-97.361,30.404],[-97.325,30.419],[-97.301,30.39],[-97.273,30.392],[-97.267,30.349],[-97.228,30.324],[-97.247,30.294],[-97.209,30.234],[-97.152,30.205],[-97.087,30.215],[-97.026,30.18],[-97.001,30.191],[-96.919,30.175],[-96.913,30.189],[-96.867,30.177],[-96.846,30.189],[-96.766,30.141],[-96.716,30.145],[-96.689,30.165],[-96.647,30.146],[-96.657,30.132],[-96.64,30.122],[-96.622,30.043],[-96.588,30.014],[-96.588,29.992],[-96.568,29.985],[-96.525,29.899],[-96.338,29.876],[-96.323,29.851],[-96.23,29.837],[-96.193,29.794],[-96.194,29.741],[-96.113,29.641],[-96.08,29.63],[-96.045,29.651],[-96.034,29.616],[-95.993,29.609],[-95.99,29.56],[-95.955,29.557],[-95.908,29.503],[-95.911,29.482],[-95.9,29.488],[-95.902,29.472],[-95.862,29.441],[-95.851,29.396],[-95.819,29.403],[-95.818,29.371],[-95.782,29.38],[-95.752,29.347],[-95.732,29.216],[-95.648,29.145],[-95.65,29.094],[-95.583,29.074],[-95.522,29.027],[-95.464,29.024],[-95.422,28.979],[-95.378,28.972],[-95.392,28.915],[-95.377,28.879],[-95.386,28.917],[-95.371,28.971],[-95.465,29.033],[-95.48,29.079],[-95.467,29.088],[-95.493,29.103],[-95.498,29.143],[-95.484,29.158],[-95.497,29.162],[-95.486,29.169],[-95.527,29.209],[-95.53,29.251],[-95.561,29.251],[-95.588,29.29],[-95.575,29.303],[-95.589,29.329],[-95.573,29.373],[-95.546,29.389],[-95.551,29.426],[-95.529,29.44],[-95.516,29.486],[-95.554,29.573],[-95.712,29.626],[-95.785,29.67],[-95.806,29.644],[-95.787,29.641],[-95.819,29.636],[-95.829,29.616],[-95.847,29.635],[-95.901,29.64],[-95.886,29.668],[-95.96,29.874],[-95.953,29.933],[-95.981,29.955],[-95.967,29.995],[-95.988,30.072],[-95.984,30.088],[-95.959,30.088],[-95.945,30.12],[-95.973,30.164],[-95.978,30.216],[-95.919,30.268],[-95.911,30.335],[-95.929,30.346],[-95.92,30.376],[-95.97,30.432],[-95.933,30.493],[-95.962,30.525],[-95.927,30.573],[-95.937,30.598],[-95.899,30.64],[-95.96,30.684],[-95.997,30.752],[-96.036,30.735],[-96.053,30.764],[-96.076,30.769],[-96.081,30.8],[-96.105,30.81],[-96.091,30.874],[-96.113,30.915],[-96.104,30.958],[-96.121,30.99],[-96.109,31.016],[-96.139,31.059],[-96.122,31.164],[-96.14,31.23],[-96.124,31.253],[-96.127,31.295],[-96.14,31.358],[-96.188,31.384],[-96.187,31.453],[-96.221,31.449],[-96.212,31.583],[-96.234,31.618],[-96.264,31.632],[-96.277,31.623],[-96.283,31.649],[-96.331,31.689],[-96.369,31.68],[-96.392,31.694],[-96.461,31.664],[-96.549,31.734],[-96.564,31.713],[-96.61,31.719],[-96.632,31.758],[-96.675,31.738],[-96.723,31.758],[-96.733,31.747],[-96.777,31.784],[-96.801,31.784],[-96.823,31.814],[-96.855,31.801],[-96.87,31.81],[-96.903,31.778],[-96.858,31.714],[-96.874,31.682],[-96.869,31.655],[-96.847,31.641],[-96.884,31.595],[-96.885,31.546],[-96.927,31.503],[-96.95,31.445],[-97.018,31.419],[-97.048,31.431],[-97.07,31.415],[-97.14,31.425],[-97.164,31.41],[-97.247,31.466],[-97.272,31.409],[-97.332,31.396],[-97.367,31.344],[-97.424,31.351],[-97.465,31.38],[-97.505,31.438],[-97.581,31.493],[-97.622,31.502],[-97.62,31.521],[-97.704,31.542],[-97.798,31.635],[-97.876,31.676],[-97.886,31.706],[-97.91,31.715],[-97.94,31.787],[-97.975,31.811],[-97.973,31.847],[-98.003,31.844],[-98.046,31.87],[-98.087,31.861],[-98.119,31.888],[-98.154,31.893],[-98.162,31.925],[-98.204,31.941],[-98.24,31.999],[-98.291,32.014],[-98.338,32.094],[-98.373,32.109],[-98.358,32.123],[-98.363,32.215],[-98.397,32.293],[-98.392,32.333],[-98.484,32.347],[-98.496,32.329],[-98.522,32.34],[-98.565,32.318],[-98.617,32.401],[-98.612,32.427],[-98.696,32.456],[-98.73,32.548]]]},"properties":{"name":"Lower Brazos","huc4":"1207","states":"TX"}},{"type":"Feature","geometry":{"type":"Polygon","coordinates":[[[-95.751,30.772],[-95.839,30.73],[-95.859,30.66],[-95.908,30.654],[-95.9,30.637],[-95.937,30.596],[-95.927,30.573],[-95.962,30.525],[-95.933,30.493],[-95.97,30.432],[-95.92,30.376],[-95.929,30.346],[-95.911,30.335],[-95.918,30.27],[-95.98,30.207],[-95.973,30.164],[-95.945,30.12],[-95.959,30.088],[-95.984,30.088],[-95.988,30.072],[-95.967,29.995],[-95.981,29.955],[-95.953,29.933],[-95.96,29.874],[-95.886,29.668],[-95.901,29.64],[-95.847,29.635],[-95.829,29.616],[-95.819,29.636],[-95.787,29.641],[-95.806,29.644],[-95.794,29.65],[-95.801,29.665],[-95.772,29.666],[-95.712,29.626],[-95.555,29.574],[-95.56,29.56],[-95.527,29.527],[-95.517,29.478],[-95.529,29.44],[-95.551,29.426],[-95.546,29.389],[-95.573,29.373],[-95.589,29.329],[-95.575,29.303],[-95.588,29.29],[-95.561,29.251],[-95.523,29.241],[-95.527,29.209],[-95.486,29.169],[-95.497,29.127],[-95.493,29.101],[-95.467,29.088],[-95.48,29.083],[-95.475,29.054],[-95.436,29.005],[-95.378,28.984],[-95.377,28.881],[-95.321,28.843],[-95.017,29.092],[-94.712,29.279],[-94.652,29.29],[-94.621,29.341],[-94.642,29.388],[-94.041,29.623],[-93.882,29.626],[-93.849,29.597],[-93.801,29.598],[-93.838,29.698],[-93.798,29.719],[-93.799,29.757],[-93.691,29.766],[-93.7,29.783],[-93.65,29.829],[-93.648,29.894],[-93.677,29.9],[-93.784,29.978],[-93.785,30.018],[-93.8,30.028],[-93.879,30.039],[-93.857,29.966],[-93.877,29.952],[-93.889,29.968],[-93.935,29.953],[-93.942,29.993],[-93.97,29.981],[-94.045,30.009],[-94.078,30.052],[-94.076,30.069],[-94.112,30.08],[-94.108,30.101],[-94.132,30.104],[-94.172,30.143],[-94.212,30.105],[-94.291,30.107],[-94.294,30.083],[-94.422,30.033],[-94.454,29.994],[-94.537,30.004],[-94.57,29.992],[-94.578,29.959],[-94.55,29.936],[-94.542,29.897],[-94.578,29.882],[-94.578,29.822],[-94.658,29.794],[-94.703,29.754],[-94.725,29.763],[-94.723,29.789],[-94.739,29.788],[-94.827,29.748],[-94.853,29.752],[-94.873,29.843],[-94.848,29.855],[-94.894,29.861],[-94.918,29.955],[-94.96,29.961],[-94.976,30.061],[-94.976,30.102],[-94.96,30.102],[-94.933,30.163],[-94.876,30.195],[-94.867,30.216],[-94.92,30.253],[-94.951,30.247],[-94.972,30.283],[-94.978,30.335],[-94.949,30.355],[-94.965,30.402],[-94.993,30.422],[-94.994,30.449],[-95.017,30.452],[-95.037,30.481],[-95.096,30.491],[-95.143,30.545],[-95.139,30.601],[-95.188,30.629],[-95.185,30.661],[-95.223,30.662],[-95.273,30.724],[-95.302,30.714],[-95.323,30.749],[-95.391,30.766],[-95.428,30.708],[-95.507,30.713],[-95.534,30.699],[-95.566,30.708],[-95.577,30.721],[-95.564,30.731],[-95.603,30.753],[-95.706,30.745],[-95.751,30.772]]]},"properties":{"name":"Galveston Bay-San Jacinto","huc4":"1204","states":"LA,TX"}},{"type":"Feature","geometry":{"type":"Polygon","coordinates":[[[-99.336,30.263],[-99.414,30.239],[-99.465,30.243],[-99.501,30.178],[-99.54,30.165],[-99.55,30.127],[-99.639,30.11],[-99.693,30.071],[-99.679,30.045],[-99.691,30.011],[-99.681,29.965],[-99.655,29.947],[-99.606,29.943],[-99.576,29.901],[-99.572,29.861],[-99.523,29.825],[-99.515,29.798],[-99.465,29.784],[-99.471,29.762],[-99.449,29.737],[-99.409,29.725],[-99.373,29.736],[-99.359,29.719],[-99.337,29.731],[-99.338,29.748],[-99.317,29.748],[-99.194,29.673],[-99.147,29.687],[-99.115,29.661],[-99.076,29.667],[-99.048,29.619],[-99.052,29.575],[-99.024,29.572],[-98.985,29.527],[-98.942,29.523],[-98.95,29.497],[-98.92,29.47],[-98.965,29.405],[-98.957,29.385],[-98.882,29.334],[-98.867,29.291],[-98.778,29.279],[-98.743,29.204],[-98.711,29.2],[-98.657,29.152],[-98.603,29.19],[-98.581,29.177],[-98.485,29.186],[-98.471,29.168],[-98.434,29.173],[-98.415,29.151],[-98.378,29.148],[-98.372,29.125],[-98.323,29.125],[-98.311,29.09],[-98.259,29.079],[-98.232,29.037],[-98.201,29.031],[-98.145,28.911],[-98.115,28.9],[-98.125,28.854],[-98.02,28.832],[-97.993,28.806],[-97.984,28.768],[-97.95,28.745],[-97.936,28.707],[-97.965,28.617],[-97.947,28.595],[-97.97,28.561],[-97.953,28.511],[-97.918,28.487],[-97.894,28.434],[-97.908,28.374],[-97.891,28.353],[-97.895,28.317],[-97.861,28.278],[-97.857,28.236],[-97.834,28.205],[-97.804,28.201],[-97.757,28.125],[-97.719,28.019],[-97.684,27.996],[-97.653,27.942],[-97.597,27.956],[-97.549,27.948],[-97.486,27.905],[-97.457,27.929],[-97.418,27.933],[-97.404,27.964],[-97.346,27.926],[-97.302,27.929],[-97.189,27.871],[-97.214,27.815],[-97.057,27.844],[-96.986,27.805],[-96.98,27.849],[-96.922,27.92],[-96.715,28.103],[-96.561,28.204],[-96.383,28.29],[-96.325,28.364],[-96.285,28.373],[-96.233,28.423],[-95.986,28.537],[-95.994,28.576],[-95.963,28.658],[-95.98,28.679],[-95.972,28.732],[-96.0,28.745],[-95.992,28.784],[-96.079,28.825],[-96.075,28.872],[-96.054,28.916],[-96.037,28.921],[-96.043,28.946],[-96.056,28.946],[-96.04,29.007],[-96.069,29.016],[-96.09,29.049],[-96.106,29.043],[-96.123,29.098],[-96.194,29.159],[-96.223,29.159],[-96.227,29.188],[-96.265,29.2],[-96.285,29.221],[-96.273,29.243],[-96.289,29.272],[-96.33,29.27],[-96.342,29.309],[-96.292,29.355],[-96.319,29.352],[-96.338,29.372],[-96.372,29.364],[-96.391,29.421],[-96.418,29.431],[-96.41,29.446],[-96.432,29.487],[-96.512,29.539],[-96.593,29.534],[-96.623,29.59],[-96.687,29.585],[-96.75,29.696],[-96.777,29.692],[-96.802,29.729],[-96.796,29.747],[-96.856,29.793],[-96.942,29.822],[-96.997,29.805],[-97.092,29.708],[-97.147,29.759],[-97.169,29.755],[-97.221,29.793],[-97.255,29.883],[-97.282,29.906],[-97.376,29.853],[-97.409,29.88],[-97.47,29.878],[-97.519,29.92],[-97.59,29.927],[-97.635,29.973],[-97.628,30.002],[-97.685,30.004],[-97.7,30.054],[-97.756,30.057],[-97.788,30.089],[-97.919,30.024],[-97.999,30.053],[-98.058,30.053],[-98.089,30.078],[-98.139,30.087],[-98.142,30.106],[-98.204,30.095],[-98.263,30.133],[-98.313,30.129],[-98.341,30.148],[-98.4,30.133],[-98.482,30.168],[-98.623,30.132],[-98.671,30.139],[-98.718,30.105],[-98.824,30.101],[-98.883,30.127],[-98.953,30.082],[-99.002,30.113],[-99.074,30.102],[-99.136,30.164],[-99.173,30.16],[-99.204,30.181],[-99.239,30.173],[-99.319,30.223],[-99.336,30.263]]]},"properties":{"name":"Central Texas Coastal","huc4":"1210","states":"TX"}},{"type":"Feature","geometry":{"type":"Polygon","coordinates":[[[-100.558,35.618],[-100.581,35.626],[-100.614,35.611],[-100.648,35.575],[-100.697,35.58],[-100.717,35.599],[-100.75,35.578],[-100.769,35.585],[-100.811,35.564],[-100.813,35.528],[-100.86,35.54],[-100.859,35.552],[-100.907,35.549],[-100.951,35.504],[-100.989,35.511],[-101.07,35.465],[-101.117,35.488],[-101.165,35.48],[-101.209,35.458],[-101.218,35.389],[-101.24,35.371],[-101.32,35.368],[-101.348,35.398],[-101.394,35.391],[-101.414,35.409],[-101.463,35.4],[-101.503,35.439],[-101.533,35.414],[-101.583,35.413],[-101.578,35.384],[-101.616,35.352],[-101.616,35.324],[-101.694,35.32],[-101.698,35.272],[-101.76,35.265],[-101.805,35.213],[-101.833,35.214],[-101.847,35.196],[-101.898,35.204],[-101.939,35.167],[-102.018,35.191],[-102.028,35.222],[-102.069,35.192],[-102.096,35.193],[-102.167,35.226],[-102.33,35.241],[-102.332,35.271],[-102.363,35.288],[-102.414,35.274],[-102.442,35.235],[-102.476,35.246],[-102.574,35.216],[-102.622,35.183],[-102.744,35.202],[-102.815,35.197],[-102.865,35.18],[-102.874,35.133],[-102.949,35.105],[-102.957,35.06],[-102.997,35.059],[-102.994,35.042],[-103.026,34.996],[-102.994,34.969],[-103.021,34.945],[-103.127,34.948],[-103.171,34.929],[-103.198,34.95],[-103.262,34.935],[-103.283,34.963],[-103.3,34.969],[-103.337,34.946],[-103.393,34.984],[-103.424,34.96],[-103.439,34.905],[-103.465,34.899],[-103.481,34.851],[-103.529,34.87],[-103.585,34.852],[-103.646,34.862],[-103.669,34.826],[-103.705,34.845],[-103.72,34.829],[-103.738,34.84],[-103.748,34.801],[-103.667,34.702],[-103.582,34.677],[-103.528,34.686],[-103.267,34.626],[-103.126,34.633],[-102.848,34.584],[-102.604,34.565],[-102.539,34.578],[-102.484,34.56],[-102.45,34.607],[-102.421,34.582],[-102.376,34.59],[-102.368,34.565],[-102.331,34.589],[-102.197,34.54],[-102.189,34.505],[-102.102,34.467],[-102.087,34.439],[-102.002,34.415],[-101.974,34.441],[-101.905,34.378],[-101.866,34.386],[-101.852,34.366],[-101.83,34.384],[-101.776,34.34],[-101.715,34.335],[-101.704,34.319],[-101.666,34.324],[-101.601,34.287],[-101.589,34.307],[-101.53,34.326],[-101.479,34.379],[-101.409,34.384],[-101.409,34.438],[-101.383,34.46],[-101.395,34.479],[-101.375,34.511],[-101.311,34.531],[-101.242,34.522],[-101.215,34.482],[-101.227,34.446],[-101.191,34.425],[-101.165,34.437],[-101.139,34.408],[-101.105,34.402],[-100.909,34.427],[-100.865,34.472],[-100.803,34.484],[-100.787,34.474],[-100.781,34.493],[-100.757,34.476],[-100.716,34.484],[-100.668,34.46],[-100.618,34.463],[-100.6,34.437],[-100.543,34.456],[-100.495,34.402],[-100.413,34.389],[-100.314,34.425],[-100.297,34.409],[-100.261,34.444],[-100.213,34.44],[-100.189,34.462],[-100.111,34.475],[-100.096,34.494],[-100.022,34.472],[-99.953,34.48],[-99.965,34.604],[-99.947,34.627],[-99.996,34.636],[-100.09,34.703],[-100.141,34.71],[-100.136,34.781],[-100.079,34.809],[-100.054,34.803],[-100.036,34.833],[-100.008,34.823],[-99.999,34.793],[-99.974,34.826],[-99.953,34.805],[-99.917,34.816],[-99.855,34.799],[-99.834,34.75],[-99.806,34.739],[-99.763,34.681],[-99.769,34.659],[-99.75,34.646],[-99.75,34.623],[-99.709,34.587],[-99.598,34.593],[-99.559,34.563],[-99.53,34.57],[-99.514,34.553],[-99.469,34.551],[-99.418,34.516],[-99.39,34.455],[-99.349,34.447],[-99.353,34.492],[-99.32,34.502],[-99.255,34.435],[-99.258,34.395],[-99.207,34.353],[-99.206,34.334],[-99.182,34.375],[-99.059,34.421],[-99.032,34.458],[-99.037,34.507],[-99.015,34.523],[-99.032,34.554],[-98.929,34.617],[-98.941,34.643],[-98.9,34.7],[-98.856,34.71],[-98.8,34.751],[-98.786,34.789],[-98.755,34.792],[-98.772,34.8],[-98.769,34.821],[-98.791,34.812],[-98.813,34.855],[-98.879,34.856],[-98.9,34.882],[-98.949,34.887],[-98.994,34.922],[-98.992,34.953],[-99.055,34.982],[-99.071,35.033],[-99.029,35.06],[-99.019,35.081],[-99.032,35.089],[-99.021,35.102],[-99.031,35.126],[-98.996,35.151],[-99.043,35.187],[-99.058,35.231],[-99.08,35.237],[-99.076,35.304],[-99.134,35.297],[-99.179,35.361],[-99.232,35.352],[-99.267,35.363],[-99.363,35.428],[-99.382,35.475],[-99.422,35.487],[-99.459,35.477],[-99.498,35.428],[-99.541,35.426],[-99.585,35.456],[-99.675,35.454],[-99.721,35.489],[-99.738,35.483],[-99.741,35.509],[-99.784,35.533],[-99.894,35.516],[-99.934,35.538],[-99.933,35.556],[-99.947,35.553],[-99.946,35.582],[-100.003,35.576],[-100.06,35.62],[-100.077,35.599],[-100.196,35.614],[-100.213,35.601],[-100.23,35.614],[-100.271,35.58],[-100.286,35.592],[-100.381,35.573],[-100.407,35.585],[-100.46,35.573],[-100.538,35.625],[-100.558,35.618]]]},"properties":{"name":"Red Headwaters","huc4":"1112","states":"NM,OK,TX"}},{"type":"Feature","geometry":{"type":"Polygon","coordinates":[[[-99.35,35.899],[-99.355,35.909],[-99.378,35.886],[-99.399,35.894],[-99.469,35.872],[-99.502,35.884],[-99.57,35.838],[-99.586,35.789],[-99.608,35.784],[-99.629,35.798],[-99.662,35.785],[-99.735,35.81],[-99.748,35.799],[-99.817,35.813],[-99.862,35.87],[-99.893,35.875],[-99.983,35.809],[-100.002,35.817],[-100.063,35.794],[-100.086,35.803],[-100.128,35.78],[-100.159,35.807],[-100.174,35.786],[-100.24,35.811],[-100.288,35.794],[-100.319,35.798],[-100.325,35.815],[-100.329,35.804],[-100.436,35.812],[-100.493,35.739],[-100.54,35.738],[-100.584,35.707],[-100.605,35.682],[-100.612,35.637],[-100.662,35.623],[-100.653,35.599],[-100.666,35.586],[-100.646,35.576],[-100.58,35.626],[-100.538,35.625],[-100.456,35.573],[-100.427,35.585],[-100.321,35.575],[-100.286,35.592],[-100.271,35.58],[-100.23,35.614],[-100.213,35.601],[-100.196,35.614],[-100.077,35.599],[-100.06,35.62],[-100.003,35.576],[-99.946,35.582],[-99.947,35.553],[-99.933,35.556],[-99.934,35.538],[-99.894,35.516],[-99.784,35.533],[-99.741,35.509],[-99.738,35.483],[-99.721,35.489],[-99.658,35.449],[-99.585,35.456],[-99.541,35.426],[-99.5,35.427],[-99.459,35.477],[-99.422,35.487],[-99.382,35.475],[-99.363,35.428],[-99.267,35.363],[-99.232,35.352],[-99.179,35.361],[-99.134,35.297],[-99.076,35.304],[-99.08,35.237],[-99.058,35.231],[-99.043,35.187],[-98.996,35.151],[-99.031,35.126],[-99.021,35.102],[-99.032,35.089],[-99.019,35.081],[-99.029,35.06],[-99.071,35.033],[-99.055,34.982],[-98.992,34.953],[-98.994,34.922],[-98.949,34.887],[-98.9,34.882],[-98.879,34.856],[-98.813,34.855],[-98.79,34.811],[-98.769,34.821],[-98.772,34.8],[-98.754,34.794],[-98.786,34.789],[-98.8,34.751],[-98.856,34.71],[-98.9,34.7],[-98.941,34.643],[-98.929,34.617],[-99.032,34.554],[-99.015,34.523],[-99.037,34.507],[-99.032,34.458],[-99.059,34.421],[-99.182,34.375],[-99.208,34.334],[-99.207,34.353],[-99.258,34.395],[-99.255,34.435],[-99.32,34.502],[-99.353,34.492],[-99.349,34.447],[-99.39,34.455],[-99.418,34.516],[-99.469,34.551],[-99.514,34.553],[-99.53,34.57],[-99.559,34.563],[-99.598,34.593],[-99.709,34.587],[-99.75,34.623],[-99.75,34.646],[-99.769,34.659],[-99.763,34.681],[-99.806,34.739],[-99.834,34.75],[-99.855,34.799],[-99.917,34.816],[-99.953,34.805],[-99.974,34.826],[-99.999,34.793],[-100.008,34.823],[-100.036,34.833],[-100.054,34.803],[-100.079,34.809],[-100.136,34.781],[-100.141,34.71],[-100.09,34.703],[-99.996,34.636],[-99.947,34.627],[-99.965,34.604],[-99.953,34.48],[-100.022,34.472],[-100.096,34.494],[-100.111,34.475],[-100.189,34.462],[-100.213,34.44],[-100.261,34.444],[-100.297,34.409],[-100.314,34.425],[-100.413,34.389],[-100.495,34.402],[-100.543,34.456],[-100.6,34.437],[-100.618,34.463],[-100.668,34.46],[-100.716,34.484],[-100.757,34.476],[-100.781,34.493],[-100.787,34.474],[-100.803,34.484],[-100.865,34.472],[-100.909,34.427],[-101.105,34.402],[-101.139,34.408],[-101.165,34.437],[-101.191,34.425],[-101.227,34.446],[-101.215,34.482],[-101.242,34.522],[-101.311,34.531],[-101.375,34.511],[-101.395,34.479],[-101.383,34.46],[-101.409,34.438],[-101.409,34.384],[-101.479,34.379],[-101.53,34.326],[-101.589,34.307],[-101.597,34.289],[-101.548,34.268],[-101.557,34.242],[-101.534,34.221],[-101.523,34.144],[-101.451,34.125],[-101.433,34.156],[-101.416,34.15],[-101.37,34.079],[-101.303,34.054],[-101.273,34.014],[-101.24,33.999],[-101.243,33.975],[-101.189,33.975],[-101.158,33.959],[-101.175,33.916],[-101.161,33.889],[-101.04,33.799],[-101.021,33.761],[-100.957,33.757],[-100.937,33.725],[-100.888,33.711],[-100.851,33.667],[-100.751,33.725],[-100.72,33.705],[-100.682,33.706],[-100.667,33.637],[-100.565,33.526],[-100.475,33.532],[-100.465,33.57],[-100.426,33.555],[-100.386,33.575],[-100.353,33.556],[-100.332,33.565],[-100.31,33.534],[-100.221,33.561],[-100.203,33.541],[-100.16,33.54],[-99.99,33.605],[-99.876,33.581],[-99.835,33.606],[-99.712,33.588],[-99.565,33.644],[-99.418,33.612],[-99.3,33.642],[-99.286,33.667],[-99.242,33.627],[-99.178,33.614],[-99.176,33.596],[-99.079,33.55],[-99.04,33.512],[-98.977,33.495],[-98.964,33.462],[-98.91,33.432],[-98.873,33.455],[-98.817,33.387],[-98.761,33.43],[-98.753,33.414],[-98.703,33.428],[-98.675,33.463],[-98.551,33.502],[-98.441,33.516],[-98.412,33.497],[-98.39,33.511],[-98.36,33.504],[-98.354,33.524],[-98.259,33.558],[-98.224,33.527],[-98.184,33.537],[-98.168,33.511],[-98.136,33.53],[-98.082,33.523],[-98.05,33.564],[-98.022,33.559],[-98.015,33.581],[-97.917,33.57],[-97.858,33.583],[-97.818,33.63],[-97.768,33.639],[-97.756,33.659],[-97.732,33.635],[-97.677,33.659],[-97.652,33.648],[-97.595,33.695],[-97.566,33.689],[-97.542,33.718],[-97.5,33.698],[-97.481,33.728],[-97.439,33.72],[-97.401,33.737],[-97.312,33.698],[-97.211,33.719],[-97.166,33.682],[-97.148,33.712],[-97.132,33.686],[-97.114,33.71],[-97.05,33.687],[-96.995,33.713],[-96.948,33.656],[-96.903,33.656],[-96.903,33.64],[-96.857,33.61],[-96.704,33.588],[-96.693,33.668],[-96.647,33.701],[-96.628,33.812],[-96.571,33.816],[-96.562,33.882],[-96.52,33.937],[-96.468,33.956],[-96.454,33.998],[-96.483,34.043],[-96.475,34.066],[-96.509,34.178],[-96.543,34.211],[-96.58,34.218],[-96.628,34.357],[-96.682,34.402],[-96.681,34.443],[-96.719,34.48],[-96.852,34.548],[-96.852,34.6],[-96.886,34.606],[-96.901,34.646],[-96.959,34.654],[-96.989,34.682],[-96.993,34.699],[-96.955,34.76],[-96.995,34.789],[-97.016,34.863],[-97.066,34.893],[-97.077,34.878],[-97.112,34.884],[-97.164,34.861],[-97.215,34.911],[-97.258,34.901],[-97.348,34.923],[-97.415,34.987],[-97.498,35.013],[-97.576,35.016],[-97.586,35.032],[-97.635,35.025],[-97.654,35.039],[-97.66,35.069],[-97.724,35.11],[-97.723,35.141],[-97.762,35.179],[-97.756,35.21],[-97.779,35.235],[-97.804,35.233],[-97.821,35.258],[-97.858,35.26],[-97.901,35.287],[-97.94,35.268],[-98.01,35.267],[-98.1,35.293],[-98.127,35.318],[-98.162,35.318],[-98.267,35.367],[-98.288,35.439],[-98.319,35.442],[-98.329,35.459],[-98.399,35.479],[-98.433,35.464],[-98.445,35.475],[-98.48,35.446],[-98.538,35.466],[-98.56,35.444],[-98.597,35.462],[-98.606,35.483],[-98.668,35.471],[-98.756,35.495],[-98.792,35.532],[-98.778,35.577],[-98.805,35.575],[-98.836,35.601],[-98.829,35.632],[-98.877,35.672],[-98.893,35.666],[-98.898,35.71],[-98.969,35.734],[-98.995,35.789],[-98.977,35.836],[-98.987,35.867],[-99.088,35.852],[-99.124,35.831],[-99.35,35.899]]]},"properties":{"name":"Red-Washita","huc4":"1113","states":"OK,TX"}},{"type":"Feature","geometry":{"type":"Polygon","coordinates":[[[-103.977,36.717],[-104.042,36.683],[-104.061,36.704],[-104.113,36.68],[-104.144,36.694],[-104.187,36.632],[-104.161,36.6],[-104.178,36.565],[-104.1,36.588],[-104.006,36.557],[-104.0,36.541],[-103.972,36.556],[-103.931,36.537],[-103.882,36.538],[-103.872,36.523],[-103.892,36.49],[-103.871,36.468],[-103.88,36.456],[-103.859,36.403],[-103.872,36.39],[-103.813,36.367],[-103.79,36.372],[-103.773,36.408],[-103.724,36.409],[-103.697,36.394],[-103.693,36.318],[-103.744,36.264],[-103.758,36.214],[-103.747,36.155],[-103.699,36.142],[-103.672,36.109],[-103.602,36.07],[-103.573,36.07],[-103.57,36.057],[-103.527,36.081],[-103.487,36.072],[-103.489,36.038],[-103.453,35.997],[-103.445,35.956],[-103.496,35.933],[-103.44,35.876],[-103.454,35.841],[-103.484,35.818],[-103.466,35.737],[-103.396,35.747],[-103.379,35.73],[-103.3,35.713],[-103.29,35.688],[-103.343,35.655],[-103.286,35.616],[-103.264,35.621],[-103.27,35.525],[-103.247,35.499],[-103.239,35.458],[-103.145,35.426],[-103.096,35.433],[-103.068,35.395],[-103.039,35.393],[-103.007,35.337],[-103.076,35.288],[-103.085,35.26],[-103.162,35.226],[-103.162,35.198],[-103.185,35.199],[-103.207,35.15],[-103.251,35.179],[-103.297,35.173],[-103.348,35.076],[-103.386,35.054],[-103.404,35.002],[-103.378,34.962],[-103.336,34.945],[-103.3,34.969],[-103.262,34.935],[-103.198,34.95],[-103.171,34.929],[-103.127,34.948],[-103.021,34.945],[-102.994,34.969],[-103.026,34.996],[-102.994,35.042],[-102.997,35.059],[-102.957,35.06],[-102.949,35.105],[-102.874,35.133],[-102.865,35.18],[-102.815,35.197],[-102.744,35.202],[-102.622,35.183],[-102.574,35.216],[-102.476,35.246],[-102.442,35.235],[-102.414,35.274],[-102.363,35.288],[-102.332,35.271],[-102.33,35.241],[-102.167,35.226],[-102.096,35.193],[-102.069,35.192],[-102.028,35.222],[-102.018,35.191],[-101.939,35.167],[-101.898,35.204],[-101.847,35.196],[-101.833,35.214],[-101.805,35.213],[-101.76,35.265],[-101.698,35.272],[-101.694,35.32],[-101.616,35.324],[-101.616,35.352],[-101.578,35.384],[-101.583,35.413],[-101.533,35.414],[-101.503,35.439],[-101.463,35.4],[-101.414,35.409],[-101.394,35.391],[-101.348,35.398],[-101.32,35.368],[-101.24,35.371],[-101.218,35.389],[-101.209,35.458],[-101.165,35.48],[-101.117,35.488],[-101.073,35.465],[-100.989,35.511],[-100.951,35.504],[-100.907,35.549],[-100.859,35.552],[-100.86,35.54],[-100.813,35.528],[-100.811,35.564],[-100.769,35.585],[-100.75,35.578],[-100.717,35.599],[-100.687,35.577],[-100.666,35.586],[-100.653,35.599],[-100.662,35.623],[-100.612,35.637],[-100.605,35.682],[-100.584,35.707],[-100.54,35.738],[-100.493,35.739],[-100.436,35.812],[-100.329,35.804],[-100.325,35.815],[-100.319,35.798],[-100.288,35.794],[-100.24,35.811],[-100.174,35.786],[-100.159,35.807],[-100.128,35.78],[-100.086,35.803],[-100.063,35.794],[-100.002,35.817],[-99.983,35.809],[-99.893,35.875],[-99.862,35.87],[-99.817,35.813],[-99.748,35.799],[-99.735,35.81],[-99.662,35.785],[-99.629,35.798],[-99.608,35.784],[-99.586,35.789],[-99.57,35.838],[-99.502,35.884],[-99.469,35.872],[-99.399,35.894],[-99.379,35.886],[-99.355,35.909],[-99.317,35.884],[-99.124,35.831],[-99.088,35.852],[-98.987,35.867],[-98.977,35.836],[-98.995,35.789],[-98.969,35.734],[-98.898,35.71],[-98.893,35.666],[-98.877,35.672],[-98.829,35.632],[-98.836,35.601],[-98.805,35.575],[-98.778,35.577],[-98.792,35.532],[-98.756,35.495],[-98.668,35.471],[-98.606,35.483],[-98.597,35.462],[-98.56,35.444],[-98.536,35.466],[-98.48,35.446],[-98.445,35.475],[-98.351,35.467],[-98.318,35.454],[-98.319,35.442],[-98.288,35.439],[-98.267,35.367],[-98.162,35.318],[-98.127,35.318],[-98.1,35.293],[-98.01,35.267],[-97.94,35.268],[-97.901,35.287],[-97.858,35.26],[-97.821,35.258],[-97.804,35.233],[-97.779,35.235],[-97.756,35.21],[-97.762,35.179],[-97.723,35.141],[-97.724,35.11],[-97.66,35.069],[-97.654,35.039],[-97.635,35.025],[-97.586,35.032],[-97.576,35.016],[-97.498,35.013],[-97.415,34.987],[-97.348,34.923],[-97.258,34.901],[-97.215,34.911],[-97.164,34.861],[-97.057,34.89],[-97.016,34.863],[-96.995,34.789],[-96.955,34.76],[-96.993,34.699],[-96.989,34.682],[-96.959,34.654],[-96.901,34.646],[-96.886,34.606],[-96.87,34.606],[-96.869,34.637],[-96.826,34.669],[-96.805,34.662],[-96.742,34.692],[-96.675,34.773],[-96.628,34.777],[-96.634,34.801],[-96.617,34.834],[-96.572,34.831],[-96.56,34.848],[-96.506,34.851],[-96.481,34.878],[-96.424,34.892],[-96.391,34.874],[-96.37,34.884],[-96.353,34.855],[-96.338,34.874],[-96.277,34.891],[-96.288,34.846],[-96.24,34.832],[-96.2,34.879],[-96.159,34.876],[-96.151,34.859],[-96.108,34.866],[-96.101,34.852],[-96.116,34.83],[-96.069,34.831],[-96.054,34.811],[-96.064,34.778],[-96.036,34.755],[-95.954,34.766],[-95.944,34.798],[-95.929,34.797],[-95.911,34.779],[-95.911,34.731],[-95.891,34.733],[-95.883,34.703],[-95.844,34.69],[-95.839,34.668],[-95.884,34.654],[-95.879,34.639],[-95.809,34.606],[-95.783,34.604],[-95.6,34.707],[-95.459,34.746],[-95.431,34.766],[-95.357,34.745],[-95.291,34.776],[-95.281,34.768],[-95.182,34.817],[-95.195,34.837],[-95.189,34.859],[-95.261,34.879],[-95.367,34.85],[-95.365,34.931],[-95.395,34.96],[-95.373,34.968],[-95.375,34.997],[-95.454,35.031],[-95.46,35.067],[-95.524,35.048],[-95.526,35.082],[-95.464,35.1],[-95.451,35.122],[-95.396,35.125],[-95.394,35.142],[-95.344,35.144],[-95.351,35.164],[-95.334,35.176],[-95.351,35.199],[-95.325,35.219],[-95.291,35.221],[-95.279,35.192],[-95.225,35.186],[-95.199,35.219],[-95.071,35.237],[-95.068,35.256],[-95.039,35.268],[-95.08,35.284],[-95.071,35.321],[-95.092,35.339],[-95.07,35.347],[-95.088,35.366],[-95.043,35.424],[-95.093,35.438],[-95.128,35.423],[-95.128,35.407],[-95.198,35.406],[-95.196,35.39],[-95.175,35.385],[-95.197,35.38],[-95.197,35.357],[-95.215,35.35],[-95.208,35.33],[-95.233,35.325],[-95.292,35.348],[-95.332,35.386],[-95.368,35.382],[-95.378,35.425],[-95.4,35.421],[-95.407,35.443],[-95.436,35.447],[-95.475,35.431],[-95.472,35.399],[-95.499,35.378],[-95.482,35.375],[-95.491,35.353],[-95.456,35.354],[-95.457,35.332],[-95.5,35.316],[-95.565,35.252],[-95.665,35.266],[-95.751,35.314],[-95.828,35.299],[-95.829,35.323],[-95.848,35.326],[-95.864,35.307],[-95.905,35.302],[-95.925,35.267],[-95.951,35.274],[-96.006,35.25],[-96.024,35.218],[-96.064,35.213],[-96.096,35.239],[-96.113,35.216],[-96.092,35.183],[-96.145,35.103],[-96.141,35.086],[-96.176,35.081],[-96.211,35.059],[-96.209,35.046],[-96.293,35.079],[-96.315,35.058],[-96.331,35.078],[-96.35,35.065],[-96.419,35.09],[-96.442,35.084],[-96.446,35.067],[-96.486,35.068],[-96.499,35.095],[-96.528,35.088],[-96.563,35.115],[-96.596,35.116],[-96.619,35.143],[-96.659,35.136],[-96.673,35.157],[-96.697,35.157],[-96.777,35.228],[-96.815,35.289],[-96.866,35.28],[-96.922,35.247],[-96.971,35.264],[-96.986,35.252],[-97.028,35.261],[-97.065,35.287],[-97.122,35.284],[-97.151,35.326],[-97.195,35.329],[-97.237,35.421],[-97.268,35.434],[-97.342,35.432],[-97.353,35.406],[-97.437,35.371],[-97.464,35.382],[-97.517,35.364],[-97.62,35.4],[-97.721,35.378],[-97.796,35.417],[-97.826,35.408],[-97.846,35.425],[-97.877,35.419],[-97.905,35.444],[-98.0,35.454],[-98.046,35.498],[-98.11,35.502],[-98.138,35.529],[-98.161,35.526],[-98.195,35.572],[-98.249,35.584],[-98.262,35.607],[-98.297,35.606],[-98.366,35.655],[-98.404,35.646],[-98.446,35.687],[-98.464,35.677],[-98.476,35.71],[-98.494,35.712],[-98.529,35.759],[-98.549,35.821],[-98.607,35.85],[-98.607,35.868],[-98.659,35.885],[-98.654,35.91],[-98.684,35.972],[-98.716,35.982],[-98.7,36.014],[-98.708,36.037],[-98.734,36.044],[-98.742,36.074],[-98.776,36.087],[-98.872,36.102],[-98.941,36.089],[-98.974,36.108],[-99.026,36.073],[-99.058,36.078],[-99.107,36.06],[-99.131,36.028],[-99.178,36.007],[-99.185,36.031],[-99.217,36.047],[-99.218,36.071],[-99.245,36.099],[-99.263,36.097],[-99.295,36.151],[-99.346,36.154],[-99.412,36.131],[-99.419,36.151],[-99.443,36.137],[-99.498,36.171],[-99.663,36.137],[-99.66,36.173],[-99.694,36.145],[-99.737,36.163],[-99.754,36.145],[-99.84,36.183],[-99.906,36.144],[-100.007,36.131],[-100.039,36.102],[-100.075,36.099],[-100.118,36.051],[-100.269,36.083],[-100.332,36.069],[-100.478,36.126],[-100.618,36.086],[-100.662,36.093],[-100.671,36.108],[-100.705,36.093],[-100.735,36.115],[-100.798,36.078],[-100.818,36.102],[-100.893,36.088],[-100.899,36.101],[-100.971,36.1],[-100.994,36.072],[-101.072,36.087],[-101.098,36.049],[-101.159,36.029],[-101.17,36.008],[-101.185,36.019],[-101.23,36.008],[-101.249,35.977],[-101.309,35.971],[-101.314,35.998],[-101.441,35.932],[-101.479,35.895],[-101.498,35.917],[-101.522,35.898],[-101.546,35.908],[-101.606,35.838],[-101.65,35.836],[-101.676,35.862],[-101.758,35.858],[-101.81,35.885],[-102.079,35.823],[-102.106,35.835],[-102.123,35.866],[-102.157,35.848],[-102.198,35.863],[-102.277,35.839],[-102.3,35.858],[-102.343,35.813],[-102.401,35.87],[-102.419,35.867],[-102.444,35.907],[-102.49,35.917],[-102.495,35.966],[-102.457,36.057],[-102.493,36.099],[-102.474,36.123],[-102.582,36.173],[-102.59,36.246],[-102.63,36.259],[-102.634,36.284],[-102.688,36.275],[-102.742,36.319],[-102.788,36.318],[-102.776,36.36],[-102.792,36.391],[-102.831,36.405],[-102.846,36.442],[-102.937,36.477],[-102.951,36.507],[-103.157,36.559],[-103.206,36.533],[-103.275,36.536],[-103.302,36.523],[-103.553,36.565],[-103.606,36.529],[-103.689,36.537],[-103.695,36.563],[-103.774,36.59],[-103.765,36.604],[-103.842,36.641],[-103.838,36.672],[-103.872,36.704],[-103.977,36.717]]]},"properties":{"name":"Lower Canadian","huc4":"1109","states":"NM,OK,TX"}},{"type":"Feature","geometry":{"type":"Polygon","coordinates":[[[-99.269,33.649],[-99.286,33.667],[-99.3,33.642],[-99.418,33.612],[-99.565,33.644],[-99.712,33.588],[-99.835,33.606],[-99.876,33.581],[-99.99,33.605],[-100.16,33.54],[-100.203,33.541],[-100.221,33.561],[-100.31,33.534],[-100.332,33.565],[-100.353,33.556],[-100.386,33.575],[-100.426,33.555],[-100.465,33.57],[-100.475,33.532],[-100.573,33.529],[-100.554,33.479],[-100.524,33.492],[-100.491,33.456],[-100.451,33.479],[-100.414,33.452],[-100.389,33.471],[-100.357,33.452],[-100.345,33.46],[-100.33,33.417],[-100.239,33.39],[-100.197,33.333],[-100.127,33.315],[-100.073,33.332],[-100.072,33.294],[-99.999,33.261],[-99.936,33.287],[-99.924,33.267],[-99.938,33.239],[-99.901,33.167],[-99.956,33.068],[-99.994,33.048],[-99.993,33.015],[-100.014,33.015],[-100.042,32.97],[-100.121,32.969],[-100.134,32.939],[-100.189,32.948],[-100.207,32.923],[-100.291,32.896],[-100.298,32.865],[-100.346,32.826],[-100.481,32.888],[-100.541,32.86],[-100.567,32.815],[-100.648,32.827],[-100.689,32.774],[-100.721,32.77],[-100.736,32.734],[-100.797,32.704],[-100.799,32.667],[-100.755,32.622],[-100.777,32.585],[-100.758,32.547],[-100.733,32.538],[-100.719,32.496],[-100.676,32.507],[-100.653,32.459],[-100.634,32.46],[-100.664,32.436],[-100.663,32.397],[-100.619,32.382],[-100.594,32.406],[-100.492,32.33],[-100.487,32.312],[-100.525,32.25],[-100.479,32.218],[-100.45,32.226],[-100.382,32.308],[-100.353,32.291],[-100.318,32.294],[-100.316,32.27],[-100.298,32.273],[-100.281,32.249],[-100.242,32.251],[-100.205,32.275],[-100.132,32.239],[-100.082,32.237],[-100.022,32.19],[-99.978,32.202],[-99.924,32.194],[-99.842,32.245],[-99.811,32.216],[-99.79,32.227],[-99.767,32.215],[-99.738,32.224],[-99.741,32.248],[-99.715,32.268],[-99.688,32.251],[-99.656,32.284],[-99.577,32.279],[-99.594,32.301],[-99.576,32.333],[-99.581,32.37],[-99.501,32.431],[-99.459,32.413],[-99.448,32.367],[-99.407,32.355],[-99.402,32.325],[-99.418,32.308],[-99.385,32.276],[-99.344,32.271],[-99.337,32.239],[-99.312,32.236],[-99.276,32.26],[-99.161,32.222],[-99.138,32.253],[-99.148,32.307],[-99.09,32.353],[-98.979,32.388],[-98.966,32.419],[-98.928,32.435],[-98.922,32.462],[-98.88,32.444],[-98.872,32.474],[-98.839,32.477],[-98.789,32.513],[-98.784,32.541],[-98.731,32.551],[-98.696,32.456],[-98.612,32.427],[-98.617,32.401],[-98.565,32.318],[-98.522,32.34],[-98.496,32.329],[-98.484,32.347],[-98.392,32.333],[-98.397,32.293],[-98.363,32.215],[-98.358,32.123],[-98.373,32.109],[-98.338,32.094],[-98.291,32.014],[-98.24,31.999],[-98.204,31.941],[-98.162,31.925],[-98.154,31.893],[-98.119,31.888],[-98.087,31.861],[-98.046,31.87],[-98.003,31.844],[-97.973,31.847],[-97.975,31.811],[-97.94,31.787],[-97.91,31.715],[-97.886,31.706],[-97.876,31.676],[-97.798,31.635],[-97.704,31.542],[-97.651,31.537],[-97.62,31.521],[-97.622,31.502],[-97.581,31.493],[-97.505,31.438],[-97.445,31.36],[-97.367,31.344],[-97.332,31.396],[-97.272,31.409],[-97.247,31.466],[-97.164,31.41],[-97.14,31.425],[-97.07,31.415],[-97.048,31.431],[-97.018,31.419],[-96.95,31.445],[-96.927,31.503],[-96.885,31.546],[-96.884,31.595],[-96.847,31.641],[-96.869,31.655],[-96.874,31.682],[-96.858,31.714],[-96.903,31.778],[-96.898,31.839],[-96.908,31.853],[-96.932,31.839],[-96.986,31.891],[-97.059,31.906],[-97.047,31.964],[-97.06,32.027],[-97.051,32.078],[-97.072,32.135],[-97.097,32.166],[-97.128,32.154],[-97.175,32.18],[-97.201,32.17],[-97.243,32.2],[-97.241,32.224],[-97.284,32.252],[-97.27,32.331],[-97.328,32.357],[-97.343,32.45],[-97.386,32.458],[-97.403,32.477],[-97.456,32.458],[-97.473,32.488],[-97.516,32.499],[-97.577,32.494],[-97.601,32.529],[-97.669,32.554],[-97.695,32.632],[-97.738,32.65],[-97.733,32.677],[-97.77,32.696],[-97.837,32.777],[-97.88,32.799],[-97.888,32.853],[-97.87,32.902],[-97.905,32.928],[-97.942,33.002],[-97.988,33.027],[-98.005,33.068],[-98.063,33.084],[-98.074,33.11],[-98.1,33.119],[-98.127,33.111],[-98.189,33.161],[-98.298,33.205],[-98.371,33.203],[-98.397,33.228],[-98.453,33.215],[-98.462,33.238],[-98.5,33.246],[-98.503,33.266],[-98.531,33.254],[-98.544,33.286],[-98.576,33.279],[-98.592,33.301],[-98.584,33.33],[-98.608,33.365],[-98.695,33.363],[-98.7,33.4],[-98.727,33.398],[-98.733,33.421],[-98.756,33.415],[-98.761,33.43],[-98.812,33.388],[-98.832,33.391],[-98.846,33.438],[-98.873,33.455],[-98.91,33.432],[-98.964,33.462],[-98.977,33.495],[-99.04,33.512],[-99.079,33.55],[-99.176,33.596],[-99.178,33.614],[-99.233,33.623],[-99.269,33.649]]]},"properties":{"name":"Middle Brazos","huc4":"1206","states":"TX"}},{"type":"Feature","geometry":{"type":"Polygon","coordinates":[[[-103.518,33.821],[-103.561,33.787],[-103.6,33.782],[-103.624,33.734],[-103.671,33.734],[-103.69,33.719],[-103.687,33.658],[-103.631,33.608],[-103.635,33.586],[-103.647,33.555],[-103.681,33.548],[-103.696,33.525],[-103.678,33.501],[-103.681,33.444],[-103.72,33.414],[-103.76,33.425],[-103.74,33.404],[-103.804,33.394],[-103.838,33.354],[-103.801,33.208],[-103.812,33.128],[-103.794,33.103],[-103.816,33.087],[-103.805,33.071],[-103.864,33.024],[-103.762,32.961],[-103.641,32.852],[-103.619,32.85],[-103.615,32.823],[-103.582,32.795],[-103.37,32.739],[-103.239,32.675],[-103.102,32.561],[-103.105,32.533],[-103.071,32.501],[-103.069,32.467],[-103.029,32.453],[-103.022,32.425],[-102.943,32.396],[-102.961,32.367],[-102.921,32.311],[-102.892,32.285],[-102.861,32.292],[-102.831,32.264],[-102.837,32.249],[-102.82,32.232],[-102.836,32.166],[-102.795,32.129],[-102.79,32.068],[-102.772,32.059],[-102.838,32.028],[-102.848,31.992],[-102.799,31.968],[-102.775,31.915],[-102.696,31.889],[-102.622,31.817],[-102.565,31.787],[-102.54,31.738],[-102.464,31.713],[-102.229,31.714],[-102.105,31.643],[-101.971,31.667],[-101.937,31.704],[-101.942,31.718],[-101.906,31.738],[-101.891,31.711],[-101.837,31.689],[-101.774,31.738],[-101.725,31.716],[-101.674,31.722],[-101.619,31.749],[-101.631,31.807],[-101.58,31.829],[-101.616,31.872],[-101.568,31.86],[-101.522,31.878],[-101.529,31.928],[-101.511,31.949],[-101.445,31.93],[-101.429,31.94],[-101.446,31.992],[-101.412,32.073],[-101.461,32.115],[-101.41,32.141],[-101.36,32.123],[-101.36,32.148],[-101.273,32.091],[-101.239,32.043],[-101.245,32.02],[-101.184,32.006],[-101.141,31.966],[-101.127,31.968],[-101.136,31.987],[-101.1,31.999],[-100.963,32.003],[-100.937,31.959],[-100.954,31.951],[-100.953,31.929],[-100.927,31.912],[-100.815,31.918],[-100.765,31.852],[-100.678,31.806],[-100.545,31.789],[-100.517,31.739],[-100.454,31.701],[-100.371,31.729],[-100.32,31.793],[-100.281,31.789],[-100.261,31.81],[-100.205,31.795],[-100.177,31.816],[-100.17,31.848],[-100.132,31.861],[-100.118,31.917],[-100.149,31.948],[-100.157,32.076],[-100.205,32.109],[-100.226,32.107],[-100.23,32.136],[-100.268,32.162],[-100.253,32.21],[-100.272,32.247],[-100.298,32.273],[-100.316,32.27],[-100.318,32.294],[-100.353,32.291],[-100.382,32.308],[-100.45,32.226],[-100.479,32.218],[-100.525,32.25],[-100.487,32.312],[-100.492,32.33],[-100.594,32.406],[-100.619,32.382],[-100.663,32.397],[-100.664,32.436],[-100.634,32.46],[-100.653,32.459],[-100.676,32.507],[-100.719,32.496],[-100.733,32.538],[-100.758,32.547],[-100.777,32.585],[-100.755,32.622],[-100.803,32.676],[-100.789,32.706],[-100.817,32.726],[-100.807,32.764],[-100.876,32.755],[-100.902,32.784],[-100.909,32.825],[-100.956,32.842],[-101.004,32.899],[-101.0,32.915],[-101.037,32.906],[-101.043,32.879],[-101.066,32.874],[-101.074,32.905],[-101.108,32.896],[-101.113,32.951],[-101.142,32.958],[-101.156,32.933],[-101.194,32.917],[-101.229,32.917],[-101.274,32.957],[-101.333,32.939],[-101.332,32.915],[-101.364,32.915],[-101.385,32.944],[-101.455,32.957],[-101.524,32.998],[-101.558,32.984],[-101.558,32.925],[-101.612,32.927],[-101.663,32.903],[-101.733,32.953],[-101.737,32.977],[-101.768,32.979],[-101.794,32.953],[-101.838,32.992],[-101.857,33.026],[-101.838,33.037],[-101.842,33.064],[-101.86,33.092],[-101.881,33.095],[-101.891,33.145],[-101.934,33.172],[-101.962,33.166],[-101.998,33.218],[-102.032,33.216],[-102.017,33.271],[-102.048,33.287],[-102.09,33.367],[-102.155,33.337],[-102.178,33.358],[-102.258,33.361],[-102.254,33.38],[-102.277,33.413],[-102.317,33.403],[-102.372,33.413],[-102.421,33.443],[-102.434,33.477],[-102.606,33.528],[-102.608,33.569],[-102.69,33.639],[-102.781,33.648],[-102.795,33.668],[-102.856,33.666],[-102.905,33.629],[-102.921,33.65],[-103.004,33.632],[-103.113,33.653],[-103.136,33.643],[-103.255,33.686],[-103.267,33.708],[-103.323,33.701],[-103.455,33.739],[-103.468,33.776],[-103.492,33.784],[-103.518,33.821]]]},"properties":{"name":"Upper Colorado","huc4":"1208","states":"NM,TX"}},{"type":"Feature","geometry":{"type":"Polygon","coordinates":[[[-97.395,33.735],[-97.439,33.72],[-97.481,33.728],[-97.5,33.698],[-97.542,33.718],[-97.566,33.689],[-97.595,33.695],[-97.652,33.648],[-97.677,33.659],[-97.732,33.635],[-97.756,33.659],[-97.768,33.639],[-97.818,33.63],[-97.858,33.583],[-97.917,33.57],[-98.015,33.581],[-98.022,33.559],[-98.05,33.564],[-98.082,33.523],[-98.136,33.53],[-98.168,33.511],[-98.184,33.537],[-98.221,33.527],[-98.241,33.552],[-98.296,33.553],[-98.354,33.524],[-98.36,33.504],[-98.39,33.511],[-98.412,33.497],[-98.441,33.516],[-98.473,33.515],[-98.644,33.476],[-98.737,33.411],[-98.7,33.4],[-98.695,33.363],[-98.608,33.365],[-98.584,33.33],[-98.592,33.301],[-98.576,33.279],[-98.544,33.286],[-98.531,33.254],[-98.503,33.266],[-98.5,33.246],[-98.462,33.238],[-98.457,33.217],[-98.397,33.228],[-98.371,33.203],[-98.298,33.205],[-98.189,33.161],[-98.127,33.111],[-98.1,33.119],[-98.074,33.11],[-98.063,33.084],[-98.005,33.068],[-97.988,33.027],[-97.942,33.002],[-97.905,32.928],[-97.87,32.902],[-97.888,32.853],[-97.88,32.799],[-97.837,32.777],[-97.77,32.696],[-97.733,32.677],[-97.738,32.65],[-97.695,32.632],[-97.672,32.557],[-97.601,32.529],[-97.571,32.492],[-97.473,32.488],[-97.454,32.457],[-97.403,32.477],[-97.386,32.458],[-97.353,32.459],[-97.332,32.434],[-97.328,32.357],[-97.27,32.331],[-97.284,32.252],[-97.241,32.224],[-97.243,32.2],[-97.201,32.17],[-97.177,32.18],[-97.128,32.154],[-97.091,32.162],[-97.051,32.078],[-97.06,32.027],[-97.047,31.964],[-97.059,31.906],[-96.986,31.891],[-96.932,31.839],[-96.908,31.853],[-96.88,31.793],[-96.87,31.81],[-96.855,31.801],[-96.823,31.814],[-96.801,31.784],[-96.777,31.784],[-96.733,31.747],[-96.723,31.758],[-96.675,31.738],[-96.632,31.758],[-96.61,31.719],[-96.564,31.713],[-96.549,31.734],[-96.461,31.664],[-96.392,31.694],[-96.369,31.68],[-96.331,31.689],[-96.283,31.649],[-96.277,31.623],[-96.264,31.632],[-96.234,31.618],[-96.212,31.583],[-96.221,31.449],[-96.187,31.453],[-96.188,31.384],[-96.14,31.358],[-96.127,31.295],[-96.124,31.253],[-96.14,31.23],[-96.122,31.164],[-96.139,31.059],[-96.109,31.016],[-96.121,30.99],[-96.104,30.958],[-96.113,30.915],[-96.091,30.874],[-96.105,30.81],[-96.081,30.8],[-96.076,30.769],[-96.053,30.764],[-96.036,30.735],[-95.997,30.752],[-95.924,30.651],[-95.871,30.651],[-95.846,30.678],[-95.839,30.73],[-95.752,30.774],[-95.706,30.745],[-95.603,30.753],[-95.564,30.731],[-95.577,30.721],[-95.566,30.708],[-95.535,30.699],[-95.507,30.713],[-95.428,30.708],[-95.391,30.766],[-95.323,30.749],[-95.302,30.714],[-95.273,30.724],[-95.245,30.678],[-95.213,30.656],[-95.186,30.662],[-95.188,30.629],[-95.139,30.601],[-95.143,30.545],[-95.096,30.491],[-95.037,30.481],[-95.017,30.452],[-94.994,30.449],[-94.993,30.422],[-94.965,30.402],[-94.949,30.355],[-94.978,30.335],[-94.972,30.283],[-94.951,30.247],[-94.92,30.253],[-94.867,30.216],[-94.876,30.195],[-94.933,30.163],[-94.96,30.102],[-94.976,30.102],[-94.976,30.061],[-94.96,29.961],[-94.918,29.955],[-94.894,29.861],[-94.848,29.855],[-94.873,29.843],[-94.853,29.752],[-94.827,29.748],[-94.739,29.788],[-94.723,29.789],[-94.725,29.763],[-94.703,29.754],[-94.658,29.794],[-94.578,29.822],[-94.578,29.882],[-94.542,29.897],[-94.55,29.936],[-94.578,29.959],[-94.57,29.992],[-94.538,30.013],[-94.615,30.063],[-94.61,30.089],[-94.652,30.105],[-94.642,30.133],[-94.707,30.213],[-94.711,30.278],[-94.748,30.3],[-94.734,30.342],[-94.755,30.374],[-94.736,30.396],[-94.752,30.432],[-94.726,30.453],[-94.7,30.441],[-94.694,30.472],[-94.665,30.483],[-94.665,30.512],[-94.676,30.512],[-94.66,30.529],[-94.683,30.549],[-94.692,30.59],[-94.743,30.62],[-94.773,30.676],[-94.761,30.705],[-94.819,30.808],[-94.796,30.883],[-94.804,30.902],[-94.859,30.949],[-94.918,30.935],[-94.947,30.944],[-94.957,30.968],[-95.009,30.996],[-95.023,31.027],[-95.052,31.024],[-95.158,31.072],[-95.173,31.112],[-95.196,31.124],[-95.176,31.188],[-95.222,31.225],[-95.22,31.272],[-95.249,31.284],[-95.259,31.351],[-95.344,31.361],[-95.367,31.408],[-95.481,31.476],[-95.487,31.549],[-95.519,31.588],[-95.529,31.659],[-95.56,31.703],[-95.63,31.74],[-95.641,31.776],[-95.663,31.785],[-95.651,31.812],[-95.656,31.871],[-95.681,31.873],[-95.706,31.901],[-95.68,31.925],[-95.703,32.037],[-95.701,32.064],[-95.686,32.07],[-95.703,32.113],[-95.691,32.142],[-95.725,32.135],[-95.774,32.167],[-95.776,32.197],[-95.807,32.203],[-95.817,32.225],[-95.797,32.267],[-95.806,32.313],[-95.835,32.323],[-95.876,32.307],[-95.925,32.381],[-95.912,32.408],[-95.925,32.457],[-95.887,32.501],[-95.901,32.513],[-95.899,32.616],[-95.916,32.613],[-95.946,32.652],[-95.967,32.656],[-95.974,32.695],[-96.075,32.731],[-96.096,32.765],[-96.132,32.768],[-96.153,32.807],[-96.213,32.793],[-96.26,32.809],[-96.3,32.856],[-96.321,32.857],[-96.348,32.913],[-96.392,32.942],[-96.393,32.972],[-96.372,33.001],[-96.377,33.047],[-96.355,33.106],[-96.334,33.118],[-96.34,33.201],[-96.294,33.235],[-96.247,33.243],[-96.238,33.303],[-96.216,33.325],[-96.233,33.386],[-96.261,33.411],[-96.323,33.421],[-96.35,33.449],[-96.371,33.444],[-96.438,33.522],[-96.515,33.509],[-96.548,33.519],[-96.561,33.505],[-96.601,33.522],[-96.62,33.493],[-96.645,33.531],[-96.688,33.537],[-96.712,33.59],[-96.857,33.61],[-96.903,33.64],[-96.903,33.656],[-96.948,33.656],[-96.995,33.713],[-97.05,33.687],[-97.114,33.71],[-97.132,33.686],[-97.148,33.712],[-97.166,33.682],[-97.211,33.719],[-97.312,33.698],[-97.395,33.735]]]},"properties":{"name":"Trinity","huc4":"1203","states":"TX"}},{"type":"Feature","geometry":{"type":"Polygon","coordinates":[[[-103.541,34.688],[-103.6,34.682],[-103.609,34.627],[-103.661,34.595],[-103.651,34.562],[-103.668,34.541],[-103.744,34.549],[-103.803,34.506],[-103.836,34.466],[-103.833,34.418],[-103.853,34.405],[-103.837,34.393],[-103.871,34.344],[-103.839,34.273],[-103.869,34.238],[-103.831,34.212],[-103.825,34.176],[-103.797,34.153],[-103.811,34.135],[-103.792,34.12],[-103.829,34.092],[-103.81,34.08],[-103.825,34.064],[-103.781,33.999],[-103.804,33.942],[-103.796,33.899],[-103.736,33.855],[-103.743,33.837],[-103.701,33.793],[-103.722,33.742],[-103.688,33.72],[-103.624,33.734],[-103.6,33.782],[-103.561,33.787],[-103.52,33.822],[-103.468,33.776],[-103.455,33.739],[-103.323,33.701],[-103.267,33.708],[-103.255,33.686],[-103.136,33.643],[-103.113,33.653],[-103.004,33.632],[-102.921,33.65],[-102.905,33.629],[-102.856,33.666],[-102.795,33.668],[-102.781,33.648],[-102.69,33.639],[-102.608,33.569],[-102.606,33.528],[-102.434,33.477],[-102.421,33.443],[-102.372,33.413],[-102.317,33.403],[-102.277,33.413],[-102.254,33.38],[-102.258,33.361],[-102.178,33.358],[-102.155,33.337],[-102.086,33.365],[-102.048,33.287],[-102.017,33.271],[-102.032,33.216],[-101.998,33.218],[-101.962,33.166],[-101.934,33.172],[-101.891,33.145],[-101.881,33.095],[-101.86,33.092],[-101.842,33.064],[-101.838,33.037],[-101.856,33.023],[-101.803,32.958],[-101.768,32.979],[-101.737,32.977],[-101.733,32.953],[-101.648,32.901],[-101.612,32.927],[-101.558,32.925],[-101.558,32.984],[-101.529,32.998],[-101.44,32.951],[-101.385,32.944],[-101.364,32.915],[-101.332,32.915],[-101.333,32.939],[-101.274,32.957],[-101.227,32.916],[-101.156,32.933],[-101.143,32.958],[-101.116,32.955],[-101.108,32.896],[-101.074,32.905],[-101.06,32.873],[-101.043,32.879],[-101.037,32.906],[-101.0,32.915],[-101.004,32.899],[-100.956,32.842],[-100.909,32.825],[-100.902,32.784],[-100.876,32.755],[-100.807,32.764],[-100.817,32.726],[-100.789,32.706],[-100.723,32.745],[-100.72,32.77],[-100.668,32.792],[-100.648,32.827],[-100.567,32.815],[-100.541,32.86],[-100.481,32.888],[-100.346,32.826],[-100.298,32.865],[-100.291,32.896],[-100.207,32.923],[-100.189,32.948],[-100.134,32.939],[-100.121,32.969],[-100.042,32.97],[-100.014,33.015],[-99.993,33.015],[-99.994,33.048],[-99.956,33.068],[-99.908,33.152],[-99.912,33.209],[-99.938,33.24],[-99.924,33.267],[-99.936,33.287],[-99.999,33.261],[-100.072,33.294],[-100.073,33.332],[-100.127,33.315],[-100.197,33.333],[-100.238,33.389],[-100.304,33.402],[-100.33,33.418],[-100.335,33.452],[-100.366,33.454],[-100.38,33.471],[-100.414,33.452],[-100.451,33.479],[-100.488,33.455],[-100.524,33.492],[-100.554,33.479],[-100.6,33.576],[-100.667,33.637],[-100.682,33.706],[-100.72,33.705],[-100.751,33.725],[-100.849,33.666],[-100.888,33.711],[-100.937,33.725],[-100.957,33.757],[-101.021,33.761],[-101.04,33.799],[-101.161,33.889],[-101.175,33.916],[-101.158,33.959],[-101.189,33.975],[-101.243,33.975],[-101.24,33.999],[-101.273,34.014],[-101.303,34.054],[-101.37,34.079],[-101.416,34.15],[-101.433,34.156],[-101.451,34.125],[-101.523,34.144],[-101.534,34.221],[-101.557,34.242],[-101.549,34.271],[-101.666,34.324],[-101.704,34.319],[-101.715,34.335],[-101.776,34.34],[-101.83,34.384],[-101.852,34.366],[-101.866,34.386],[-101.905,34.378],[-101.974,34.441],[-102.002,34.415],[-102.087,34.439],[-102.102,34.467],[-102.189,34.505],[-102.197,34.54],[-102.331,34.589],[-102.368,34.565],[-102.376,34.59],[-102.421,34.582],[-102.45,34.607],[-102.484,34.56],[-102.539,34.578],[-102.604,34.565],[-102.757,34.576],[-103.126,34.633],[-103.267,34.626],[-103.541,34.688]]]},"properties":{"name":"Brazos Headwaters","huc4":"1205","states":"NM,TX"}},{"type":"Feature","geometry":{"type":"Polygon","coordinates":[[[-105.209,37.072],[-105.237,37.031],[-105.22,36.993],[-105.236,36.962],[-105.2,36.915],[-105.229,36.848],[-105.225,36.734],[-105.267,36.716],[-105.312,36.724],[-105.322,36.698],[-105.371,36.681],[-105.351,36.633],[-105.375,36.609],[-105.349,36.57],[-105.377,36.552],[-105.319,36.492],[-105.357,36.451],[-105.338,36.445],[-105.34,36.416],[-105.327,36.406],[-105.337,36.369],[-105.328,36.277],[-105.41,36.237],[-105.393,36.22],[-105.397,36.194],[-105.422,36.17],[-105.413,36.144],[-105.456,36.046],[-105.495,36.035],[-105.558,35.984],[-105.487,35.948],[-105.529,35.865],[-105.533,35.813],[-105.446,35.79],[-105.413,35.741],[-105.367,35.751],[-105.271,35.724],[-105.24,35.735],[-105.099,35.725],[-105.074,35.665],[-105.034,35.647],[-105.058,35.622],[-104.995,35.575],[-105.013,35.525],[-104.954,35.469],[-104.904,35.468],[-104.903,35.43],[-104.877,35.398],[-104.821,35.39],[-104.797,35.332],[-104.842,35.294],[-104.805,35.269],[-104.794,35.237],[-104.725,35.241],[-104.698,35.258],[-104.651,35.21],[-104.622,35.212],[-104.59,35.168],[-104.602,35.147],[-104.573,35.103],[-104.577,35.069],[-104.546,35.04],[-104.494,35.036],[-104.486,35.006],[-104.457,34.997],[-104.456,34.973],[-104.437,34.973],[-104.419,34.937],[-104.389,34.926],[-104.365,34.952],[-104.221,34.973],[-104.22,34.961],[-104.196,34.968],[-104.168,34.953],[-104.155,34.979],[-104.072,34.988],[-104.076,34.968],[-104.051,34.947],[-104.069,34.911],[-103.958,34.872],[-103.916,34.824],[-103.813,34.84],[-103.781,34.811],[-103.708,34.845],[-103.668,34.826],[-103.646,34.862],[-103.585,34.852],[-103.529,34.87],[-103.48,34.852],[-103.465,34.899],[-103.439,34.905],[-103.424,34.96],[-103.399,34.977],[-103.39,35.046],[-103.348,35.076],[-103.297,35.173],[-103.251,35.179],[-103.207,35.15],[-103.185,35.199],[-103.162,35.198],[-103.162,35.226],[-103.085,35.26],[-103.076,35.288],[-103.007,35.337],[-103.039,35.393],[-103.068,35.395],[-103.096,35.433],[-103.145,35.426],[-103.239,35.458],[-103.247,35.499],[-103.27,35.525],[-103.264,35.621],[-103.286,35.616],[-103.343,35.655],[-103.29,35.688],[-103.3,35.713],[-103.379,35.73],[-103.396,35.747],[-103.466,35.737],[-103.484,35.818],[-103.454,35.841],[-103.44,35.876],[-103.496,35.933],[-103.445,35.956],[-103.453,35.997],[-103.489,36.038],[-103.487,36.072],[-103.527,36.081],[-103.57,36.057],[-103.573,36.07],[-103.602,36.07],[-103.672,36.109],[-103.699,36.142],[-103.747,36.155],[-103.758,36.214],[-103.744,36.264],[-103.693,36.318],[-103.697,36.393],[-103.724,36.409],[-103.773,36.408],[-103.79,36.372],[-103.813,36.367],[-103.872,36.39],[-103.859,36.403],[-103.88,36.456],[-103.871,36.468],[-103.892,36.49],[-103.872,36.523],[-103.882,36.538],[-103.931,36.537],[-103.972,36.556],[-104.0,36.541],[-104.006,36.557],[-104.1,36.588],[-104.176,36.564],[-104.161,36.6],[-104.187,36.632],[-104.144,36.692],[-104.165,36.697],[-104.168,36.715],[-104.139,36.805],[-104.16,36.84],[-104.156,36.887],[-104.174,36.893],[-104.181,36.925],[-104.222,36.948],[-104.26,36.917],[-104.297,36.914],[-104.269,36.938],[-104.293,36.966],[-104.283,36.991],[-104.327,37.006],[-104.337,37.047],[-104.371,37.033],[-104.438,37.047],[-104.435,36.992],[-104.529,37.002],[-104.744,36.942],[-104.875,36.983],[-105.051,37.007],[-105.209,37.072]]]},"properties":{"name":"Upper Canadian","huc4":"1108","states":"CO,NM,TX"}},{"type":"Feature","geometry":{"type":"Polygon","coordinates":[[[-101.195,37.041],[-101.242,37.011],[-101.278,37.028],[-101.341,37.008],[-101.349,37.03],[-101.436,36.978],[-101.478,37.005],[-101.495,36.978],[-101.513,36.997],[-101.558,36.987],[-101.648,36.919],[-101.728,36.954],[-101.753,36.946],[-101.821,36.963],[-101.947,36.94],[-102.068,36.946],[-102.127,36.895],[-102.247,36.899],[-102.315,36.845],[-102.342,36.852],[-102.376,36.835],[-102.399,36.848],[-102.438,36.824],[-102.537,36.823],[-102.554,36.809],[-102.592,36.818],[-102.628,36.79],[-102.649,36.799],[-102.722,36.742],[-102.757,36.744],[-102.827,36.712],[-102.871,36.73],[-103.009,36.716],[-103.134,36.751],[-103.251,36.729],[-103.377,36.79],[-103.46,36.792],[-103.566,36.848],[-103.717,36.788],[-103.878,36.785],[-103.909,36.768],[-103.877,36.706],[-103.838,36.672],[-103.842,36.642],[-103.765,36.604],[-103.774,36.59],[-103.695,36.563],[-103.689,36.537],[-103.606,36.529],[-103.553,36.565],[-103.302,36.523],[-103.275,36.536],[-103.206,36.533],[-103.157,36.559],[-102.951,36.507],[-102.937,36.477],[-102.846,36.442],[-102.831,36.405],[-102.792,36.391],[-102.776,36.36],[-102.788,36.318],[-102.742,36.319],[-102.688,36.275],[-102.634,36.284],[-102.63,36.259],[-102.59,36.246],[-102.582,36.173],[-102.474,36.123],[-102.493,36.099],[-102.457,36.057],[-102.495,35.966],[-102.49,35.917],[-102.444,35.907],[-102.419,35.867],[-102.401,35.87],[-102.343,35.813],[-102.3,35.858],[-102.277,35.839],[-102.198,35.863],[-102.157,35.848],[-102.123,35.866],[-102.106,35.835],[-102.079,35.823],[-101.81,35.885],[-101.758,35.858],[-101.676,35.862],[-101.65,35.836],[-101.606,35.838],[-101.546,35.908],[-101.522,35.898],[-101.498,35.917],[-101.479,35.895],[-101.441,35.932],[-101.314,35.998],[-101.309,35.971],[-101.249,35.977],[-101.23,36.008],[-101.185,36.019],[-101.17,36.008],[-101.159,36.029],[-101.098,36.049],[-101.072,36.087],[-100.994,36.072],[-100.971,36.1],[-100.899,36.101],[-100.893,36.088],[-100.818,36.102],[-100.798,36.078],[-100.735,36.115],[-100.705,36.093],[-100.671,36.108],[-100.662,36.093],[-100.618,36.086],[-100.478,36.126],[-100.332,36.069],[-100.269,36.083],[-100.118,36.051],[-100.075,36.099],[-100.039,36.102],[-100.007,36.131],[-99.906,36.144],[-99.84,36.183],[-99.754,36.145],[-99.737,36.163],[-99.694,36.145],[-99.66,36.173],[-99.663,36.137],[-99.498,36.171],[-99.443,36.137],[-99.419,36.151],[-99.412,36.131],[-99.346,36.154],[-99.295,36.151],[-99.263,36.097],[-99.245,36.099],[-99.218,36.071],[-99.217,36.047],[-99.185,36.031],[-99.178,36.007],[-99.131,36.028],[-99.107,36.06],[-99.058,36.078],[-99.026,36.073],[-98.974,36.108],[-98.941,36.089],[-98.872,36.102],[-98.776,36.087],[-98.742,36.074],[-98.734,36.044],[-98.708,36.037],[-98.7,36.014],[-98.716,35.982],[-98.684,35.972],[-98.654,35.91],[-98.659,35.885],[-98.607,35.868],[-98.607,35.85],[-98.549,35.821],[-98.529,35.759],[-98.494,35.712],[-98.476,35.71],[-98.464,35.677],[-98.446,35.687],[-98.404,35.646],[-98.366,35.655],[-98.297,35.606],[-98.262,35.607],[-98.249,35.584],[-98.195,35.572],[-98.161,35.526],[-98.138,35.529],[-98.11,35.502],[-98.046,35.498],[-98.0,35.454],[-97.905,35.444],[-97.877,35.419],[-97.846,35.425],[-97.826,35.408],[-97.796,35.417],[-97.721,35.378],[-97.62,35.4],[-97.517,35.364],[-97.464,35.382],[-97.437,35.371],[-97.353,35.406],[-97.342,35.432],[-97.268,35.434],[-97.237,35.421],[-97.195,35.329],[-97.151,35.326],[-97.122,35.284],[-97.065,35.287],[-97.028,35.261],[-96.986,35.252],[-96.971,35.264],[-96.922,35.247],[-96.866,35.28],[-96.815,35.289],[-96.777,35.228],[-96.697,35.157],[-96.673,35.157],[-96.659,35.136],[-96.619,35.143],[-96.596,35.116],[-96.563,35.115],[-96.528,35.088],[-96.499,35.095],[-96.486,35.068],[-96.446,35.067],[-96.442,35.084],[-96.419,35.09],[-96.35,35.065],[-96.331,35.078],[-96.315,35.058],[-96.293,35.079],[-96.209,35.046],[-96.211,35.059],[-96.176,35.081],[-96.141,35.086],[-96.145,35.103],[-96.092,35.183],[-96.113,35.216],[-96.096,35.24],[-96.064,35.213],[-96.024,35.218],[-96.006,35.25],[-95.951,35.274],[-95.925,35.267],[-95.905,35.302],[-95.834,35.327],[-95.828,35.299],[-95.751,35.314],[-95.665,35.266],[-95.565,35.252],[-95.5,35.316],[-95.456,35.333],[-95.456,35.354],[-95.491,35.353],[-95.482,35.375],[-95.499,35.378],[-95.468,35.414],[-95.565,35.431],[-95.571,35.456],[-95.605,35.479],[-95.615,35.543],[-95.653,35.579],[-95.732,35.59],[-95.73,35.612],[-95.75,35.623],[-95.779,35.611],[-95.831,35.634],[-95.876,35.673],[-95.867,35.703],[-95.884,35.724],[-95.907,35.71],[-95.998,35.733],[-95.977,35.78],[-96.044,35.772],[-96.043,35.792],[-96.085,35.805],[-96.123,35.845],[-96.141,35.831],[-96.169,35.833],[-96.17,35.846],[-96.227,35.838],[-96.252,35.854],[-96.248,35.866],[-96.327,35.883],[-96.363,35.907],[-96.416,35.898],[-96.463,35.93],[-96.5,35.925],[-96.532,35.965],[-96.589,35.915],[-96.601,35.927],[-96.635,35.909],[-96.699,35.835],[-96.788,35.887],[-96.805,35.881],[-96.818,35.903],[-96.857,35.888],[-96.887,35.904],[-96.926,35.865],[-96.963,35.868],[-97.013,35.809],[-97.048,35.836],[-97.066,35.824],[-97.096,35.85],[-97.156,35.854],[-97.174,35.876],[-97.205,35.865],[-97.219,35.88],[-97.28,35.872],[-97.323,35.887],[-97.37,35.845],[-97.361,35.835],[-97.388,35.801],[-97.367,35.767],[-97.421,35.757],[-97.429,35.729],[-97.473,35.711],[-97.48,35.628],[-97.532,35.583],[-97.531,35.564],[-97.593,35.522],[-97.634,35.509],[-97.639,35.546],[-97.7,35.57],[-97.762,35.558],[-97.807,35.591],[-97.834,35.574],[-97.911,35.573],[-97.937,35.595],[-98.003,35.604],[-98.045,35.639],[-98.158,35.683],[-98.183,35.714],[-98.248,35.725],[-98.263,35.759],[-98.284,35.761],[-98.337,35.814],[-98.327,35.828],[-98.348,35.827],[-98.347,35.854],[-98.372,35.885],[-98.385,35.878],[-98.388,35.907],[-98.408,35.899],[-98.413,35.914],[-98.442,35.899],[-98.461,35.968],[-98.501,36.01],[-98.488,36.032],[-98.497,36.08],[-98.528,36.095],[-98.544,36.134],[-98.535,36.15],[-98.581,36.178],[-98.584,36.199],[-98.73,36.222],[-98.741,36.239],[-98.761,36.232],[-98.785,36.247],[-98.814,36.236],[-98.848,36.255],[-98.87,36.245],[-98.931,36.292],[-99.016,36.301],[-99.012,36.313],[-99.048,36.32],[-99.045,36.334],[-99.087,36.351],[-99.11,36.383],[-99.124,36.464],[-99.148,36.464],[-99.167,36.486],[-99.165,36.524],[-99.199,36.514],[-99.234,36.526],[-99.244,36.555],[-99.272,36.561],[-99.284,36.548],[-99.303,36.568],[-99.371,36.568],[-99.383,36.598],[-99.442,36.604],[-99.468,36.638],[-99.498,36.643],[-99.52,36.622],[-99.609,36.637],[-99.663,36.664],[-99.683,36.651],[-99.719,36.724],[-99.752,36.738],[-99.769,36.714],[-99.827,36.727],[-99.862,36.783],[-99.887,36.79],[-99.9,36.834],[-99.942,36.85],[-99.995,36.817],[-100.021,36.828],[-100.123,36.82],[-100.213,36.895],[-100.406,36.905],[-100.446,36.89],[-100.467,36.919],[-100.497,36.899],[-100.541,36.907],[-100.638,36.856],[-100.67,36.856],[-100.701,36.869],[-100.726,36.928],[-100.747,36.926],[-100.749,36.95],[-100.784,36.943],[-100.826,36.963],[-100.914,36.949],[-100.982,36.993],[-101.033,36.988],[-101.041,37.015],[-101.062,37.023],[-101.076,37.002],[-101.119,37.003],[-101.135,37.037],[-101.188,37.015],[-101.182,37.032],[-101.195,37.041]]]},"properties":{"name":"North Canadian","huc4":"1110","states":"KS,NM,OK,TX"}},{"type":"Feature","geometry":{"type":"Polygon","coordinates":[[[-107.807,33.523],[-107.832,33.512],[-107.87,33.449],[-107.84,33.41],[-107.852,33.389],[-107.815,33.369],[-107.845,33.326],[-107.818,33.289],[-107.828,33.25],[-107.87,33.205],[-107.84,33.183],[-107.858,33.165],[-107.854,33.143],[-107.964,33.1],[-108.05,32.984],[-108.099,32.961],[-108.103,32.923],[-108.164,32.92],[-108.229,32.855],[-108.283,32.865],[-108.3,32.847],[-108.319,32.855],[-108.323,32.837],[-108.355,32.835],[-108.323,32.788],[-108.326,32.752],[-108.354,32.708],[-108.342,32.656],[-108.354,32.631],[-108.432,32.59],[-108.434,32.551],[-108.409,32.514],[-108.239,32.386],[-108.204,32.31],[-108.214,32.168],[-108.204,32.147],[-108.225,32.103],[-108.171,32.037],[-108.205,32.003],[-108.18,31.987],[-108.187,31.972],[-108.222,32.001],[-108.293,31.981],[-108.339,31.995],[-108.442,31.953],[-108.442,31.979],[-108.517,32.045],[-108.519,32.076],[-108.544,32.078],[-108.558,32.1],[-108.648,32.087],[-108.71,32.099],[-108.712,32.053],[-108.677,32.005],[-108.687,31.997],[-108.677,31.982],[-108.728,31.892],[-108.703,31.877],[-108.707,31.848],[-108.691,31.824],[-108.701,31.762],[-108.663,31.694],[-108.715,31.621],[-108.659,31.611],[-108.699,31.57],[-108.695,31.545],[-108.75,31.54],[-108.786,31.555],[-108.776,31.444],[-108.744,31.415],[-108.757,31.365],[-108.744,31.36],[-108.774,31.308],[-108.769,31.284],[-108.811,31.245],[-108.798,31.197],[-108.831,31.177],[-108.857,31.127],[-108.837,31.095],[-108.835,31.037],[-108.867,31.011],[-108.887,31.03],[-108.903,31.019],[-108.947,31.031],[-109.023,30.974],[-108.945,30.927],[-108.928,30.906],[-108.928,30.861],[-108.89,30.824],[-108.887,30.788],[-108.901,30.785],[-108.906,30.763],[-108.858,30.692],[-108.875,30.677],[-108.877,30.63],[-108.799,30.601],[-108.784,30.582],[-108.737,30.597],[-108.7,30.558],[-108.63,30.562],[-108.57,30.502],[-108.542,30.501],[-108.56,30.468],[-108.54,30.433],[-108.58,30.414],[-108.608,30.423],[-108.602,30.385],[-108.625,30.361],[-108.621,30.34],[-108.566,30.335],[-108.561,30.298],[-108.519,30.261],[-108.428,30.277],[-108.412,30.34],[-108.426,30.355],[-108.41,30.354],[-108.416,30.366],[-108.401,30.374],[-108.408,30.409],[-108.359,30.447],[-108.38,30.48],[-108.339,30.48],[-108.317,30.514],[-108.292,30.52],[-108.265,30.51],[-108.236,30.463],[-108.188,30.495],[-108.165,30.484],[-108.161,30.446],[-108.103,30.46],[-108.071,30.389],[-108.025,30.365],[-108.001,30.377],[-107.928,30.366],[-107.877,30.261],[-107.817,30.246],[-107.776,30.346],[-107.734,30.356],[-107.762,30.407],[-107.704,30.47],[-107.683,30.553],[-107.667,30.553],[-107.657,30.625],[-107.61,30.689],[-107.58,30.685],[-107.568,30.715],[-107.544,30.712],[-107.485,30.771],[-107.372,30.782],[-107.321,30.823],[-107.307,30.817],[-107.274,30.862],[-107.302,30.881],[-107.313,30.938],[-107.353,30.976],[-107.341,30.997],[-107.367,31.061],[-107.359,31.084],[-107.416,31.108],[-107.399,31.137],[-107.415,31.154],[-107.41,31.196],[-107.392,31.218],[-107.347,31.221],[-107.239,31.155],[-107.222,31.155],[-107.23,31.175],[-107.22,31.176],[-107.18,31.154],[-107.159,31.158],[-107.159,31.126],[-107.075,30.979],[-107.192,30.882],[-107.176,30.807],[-107.146,30.797],[-107.171,30.776],[-107.174,30.72],[-107.194,30.69],[-107.151,30.654],[-107.141,30.626],[-107.153,30.577],[-107.135,30.553],[-107.165,30.513],[-107.162,30.443],[-107.18,30.429],[-107.182,30.386],[-107.2,30.392],[-107.213,30.359],[-107.087,30.243],[-107.055,30.245],[-107.049,30.272],[-107.02,30.267],[-106.97,30.292],[-106.976,30.318],[-106.96,30.336],[-106.972,30.356],[-106.945,30.407],[-106.826,30.385],[-106.82,30.398],[-106.849,30.421],[-106.833,30.445],[-106.849,30.47],[-106.854,30.523],[-106.839,30.534],[-106.85,30.56],[-106.784,30.598],[-106.759,30.655],[-106.739,30.662],[-106.746,30.684],[-106.693,30.692],[-106.736,30.745],[-106.747,30.789],[-106.776,30.813],[-106.775,30.848],[-106.811,30.896],[-106.777,30.93],[-106.729,30.923],[-106.641,30.984],[-106.541,30.994],[-106.555,31.03],[-106.51,31.064],[-106.523,31.088],[-106.39,31.092],[-106.348,31.132],[-106.313,31.124],[-106.303,31.151],[-106.235,31.173],[-106.294,31.278],[-106.361,31.355],[-106.477,31.438],[-106.479,31.477],[-106.462,31.494],[-106.528,31.579],[-106.523,31.624],[-106.537,31.637],[-106.523,31.668],[-106.564,31.685],[-106.584,31.712],[-106.579,31.765],[-106.551,31.769],[-106.546,31.787],[-106.51,31.777],[-106.485,31.807],[-106.499,31.841],[-106.498,31.959],[-106.518,31.992],[-106.507,32.004],[-106.552,32.065],[-106.561,32.131],[-106.54,32.224],[-106.577,32.294],[-106.544,32.336],[-106.581,32.375],[-106.567,32.446],[-106.533,32.507],[-106.54,32.533],[-106.528,32.545],[-106.547,32.551],[-106.54,32.585],[-106.56,32.641],[-106.537,32.675],[-106.585,32.705],[-106.645,32.883],[-106.635,32.898],[-106.673,32.941],[-106.658,32.97],[-106.692,32.981],[-106.704,33.034],[-106.724,33.041],[-106.731,33.074],[-106.72,33.084],[-106.748,33.108],[-106.719,33.189],[-106.752,33.23],[-106.79,33.247],[-106.952,33.221],[-106.991,33.237],[-107.025,33.278],[-107.083,33.29],[-107.093,33.243],[-107.064,33.172],[-107.138,33.105],[-107.116,33.074],[-107.163,33.02],[-107.155,33.072],[-107.196,33.129],[-107.196,33.167],[-107.361,33.319],[-107.423,33.357],[-107.521,33.344],[-107.602,33.393],[-107.615,33.466],[-107.785,33.478],[-107.818,33.495],[-107.807,33.523]]]},"properties":{"name":"Rio Grande-Mimbres","huc4":"1303","states":"MX,NM,TX"}},{"type":"Feature","geometry":{"type":"Polygon","coordinates":[[[-105.537,35.973],[-105.632,35.979],[-105.645,35.965],[-105.638,35.921],[-105.717,35.908],[-105.76,35.83],[-105.747,35.819],[-105.765,35.793],[-105.753,35.761],[-105.796,35.705],[-105.807,35.632],[-105.776,35.597],[-105.771,35.551],[-105.72,35.545],[-105.683,35.468],[-105.625,35.432],[-105.675,35.41],[-105.677,35.346],[-105.759,35.335],[-105.772,35.311],[-105.753,35.271],[-105.721,35.256],[-105.702,35.193],[-105.662,35.159],[-105.663,35.118],[-105.621,35.106],[-105.676,35.074],[-105.685,35.045],[-105.665,34.996],[-105.7,34.976],[-105.691,34.94],[-105.711,34.924],[-105.682,34.915],[-105.674,34.85],[-105.644,34.825],[-105.509,34.8],[-105.445,34.735],[-105.357,34.699],[-105.336,34.622],[-105.382,34.591],[-105.381,34.565],[-105.449,34.53],[-105.464,34.507],[-105.438,34.492],[-105.459,34.48],[-105.452,34.468],[-105.476,34.419],[-105.442,34.389],[-105.597,34.325],[-105.593,34.283],[-105.615,34.262],[-105.635,34.275],[-105.668,34.263],[-105.69,34.242],[-105.691,34.206],[-105.77,34.214],[-105.755,34.185],[-105.734,34.186],[-105.717,34.165],[-105.684,34.065],[-105.671,34.064],[-105.66,33.979],[-105.688,33.949],[-105.68,33.92],[-105.631,33.88],[-105.672,33.847],[-105.697,33.791],[-105.67,33.744],[-105.705,33.696],[-105.662,33.685],[-105.649,33.652],[-105.676,33.622],[-105.659,33.586],[-105.681,33.561],[-105.681,33.532],[-105.766,33.487],[-105.822,33.493],[-105.85,33.451],[-105.81,33.389],[-105.83,33.363],[-105.783,33.331],[-105.791,33.315],[-105.767,33.286],[-105.764,33.242],[-105.74,33.222],[-105.669,33.227],[-105.67,33.188],[-105.651,33.166],[-105.695,33.131],[-105.668,33.04],[-105.699,33.013],[-105.738,33.018],[-105.722,32.991],[-105.748,32.948],[-105.736,32.94],[-105.78,32.903],[-105.805,32.802],[-105.763,32.759],[-105.723,32.758],[-105.724,32.731],[-105.706,32.71],[-105.657,32.702],[-105.633,32.651],[-105.583,32.687],[-105.506,32.706],[-105.486,32.689],[-105.436,32.7],[-105.419,32.677],[-105.38,32.696],[-105.318,32.694],[-105.296,32.652],[-105.278,32.647],[-105.25,32.659],[-105.234,32.644],[-105.193,32.675],[-105.16,32.639],[-105.133,32.638],[-105.14,32.573],[-105.127,32.565],[-105.122,32.476],[-105.096,32.441],[-105.023,32.413],[-104.974,32.334],[-104.903,32.281],[-104.868,32.222],[-104.87,32.172],[-104.813,32.147],[-104.798,32.032],[-104.82,32.026],[-104.829,31.969],[-104.856,31.945],[-104.879,31.95],[-104.878,31.926],[-104.824,31.919],[-104.775,31.97],[-104.713,31.949],[-104.704,31.963],[-104.613,31.974],[-104.532,31.949],[-104.506,31.956],[-104.507,31.978],[-104.444,31.965],[-104.375,32.006],[-104.243,32.021],[-104.185,32.057],[-104.048,32.055],[-104.021,32.034],[-103.939,32.078],[-103.867,32.09],[-103.857,32.128],[-103.832,32.143],[-103.807,32.129],[-103.794,32.137],[-103.814,32.173],[-103.789,32.203],[-103.7,32.226],[-103.675,32.252],[-103.698,32.274],[-103.667,32.282],[-103.671,32.298],[-103.633,32.301],[-103.642,32.316],[-103.627,32.341],[-103.643,32.351],[-103.627,32.373],[-103.651,32.383],[-103.67,32.425],[-103.656,32.454],[-103.631,32.463],[-103.638,32.482],[-103.578,32.49],[-103.56,32.522],[-103.516,32.523],[-103.453,32.572],[-103.478,32.589],[-103.488,32.655],[-103.553,32.681],[-103.581,32.731],[-103.649,32.793],[-103.844,32.939],[-103.875,33.013],[-103.858,33.016],[-103.846,33.05],[-103.805,33.071],[-103.816,33.087],[-103.794,33.103],[-103.812,33.128],[-103.801,33.208],[-103.838,33.354],[-103.804,33.394],[-103.74,33.404],[-103.76,33.425],[-103.72,33.414],[-103.681,33.444],[-103.678,33.501],[-103.696,33.525],[-103.681,33.548],[-103.647,33.555],[-103.63,33.607],[-103.687,33.658],[-103.687,33.72],[-103.722,33.744],[-103.701,33.793],[-103.743,33.837],[-103.736,33.855],[-103.796,33.899],[-103.804,33.942],[-103.781,33.999],[-103.825,34.064],[-103.81,34.08],[-103.829,34.092],[-103.792,34.12],[-103.811,34.135],[-103.797,34.153],[-103.825,34.176],[-103.831,34.212],[-103.869,34.238],[-103.839,34.273],[-103.871,34.344],[-103.838,34.388],[-103.853,34.405],[-103.833,34.418],[-103.828,34.479],[-103.744,34.549],[-103.667,34.542],[-103.651,34.562],[-103.661,34.595],[-103.609,34.627],[-103.599,34.682],[-103.668,34.703],[-103.704,34.755],[-103.725,34.759],[-103.748,34.82],[-103.784,34.811],[-103.813,34.84],[-103.916,34.824],[-103.958,34.872],[-104.068,34.91],[-104.051,34.947],[-104.076,34.968],[-104.072,34.988],[-104.155,34.979],[-104.168,34.953],[-104.196,34.968],[-104.22,34.961],[-104.221,34.973],[-104.365,34.952],[-104.389,34.926],[-104.419,34.937],[-104.437,34.973],[-104.456,34.973],[-104.457,34.997],[-104.486,35.006],[-104.494,35.036],[-104.546,35.04],[-104.577,35.069],[-104.573,35.103],[-104.602,35.147],[-104.59,35.168],[-104.622,35.212],[-104.651,35.21],[-104.698,35.258],[-104.725,35.241],[-104.794,35.237],[-104.805,35.269],[-104.842,35.294],[-104.797,35.332],[-104.821,35.39],[-104.877,35.398],[-104.903,35.43],[-104.904,35.468],[-104.954,35.469],[-105.013,35.525],[-104.995,35.575],[-105.058,35.622],[-105.034,35.647],[-105.074,35.665],[-105.099,35.725],[-105.24,35.735],[-105.271,35.724],[-105.367,35.751],[-105.413,35.741],[-105.446,35.79],[-105.533,35.813],[-105.529,35.865],[-105.487,35.947],[-105.537,35.973]]]},"properties":{"name":"Upper Pecos","huc4":"1306","states":"NM,TX"}},{"type":"Feature","geometry":{"type":"Polygon","coordinates":[[[-106.004,35.283],[-106.086,35.258],[-106.113,35.272],[-106.159,35.25],[-106.185,35.254],[-106.21,35.216],[-106.2,35.204],[-106.213,35.197],[-106.22,35.212],[-106.256,35.183],[-106.278,35.184],[-106.246,35.135],[-106.282,35.112],[-106.291,35.071],[-106.327,35.041],[-106.318,34.904],[-106.362,34.868],[-106.344,34.853],[-106.346,34.82],[-106.4,34.813],[-106.428,34.766],[-106.403,34.736],[-106.404,34.698],[-106.43,34.672],[-106.447,34.591],[-106.403,34.589],[-106.254,34.527],[-106.21,34.458],[-106.262,34.436],[-106.253,34.373],[-106.149,34.334],[-106.169,34.302],[-106.163,34.276],[-106.207,34.224],[-106.179,34.192],[-106.195,34.132],[-106.157,34.13],[-106.152,34.103],[-106.153,34.061],[-106.171,34.047],[-106.182,33.996],[-106.174,33.96],[-106.204,33.949],[-106.186,33.919],[-106.221,33.879],[-106.262,33.866],[-106.237,33.814],[-106.244,33.792],[-106.293,33.776],[-106.301,33.742],[-106.329,33.748],[-106.369,33.73],[-106.373,33.647],[-106.415,33.613],[-106.431,33.548],[-106.469,33.533],[-106.459,33.504],[-106.519,33.474],[-106.521,33.453],[-106.487,33.422],[-106.548,33.389],[-106.574,33.335],[-106.564,33.311],[-106.641,33.305],[-106.647,33.27],[-106.668,33.261],[-106.694,33.279],[-106.707,33.229],[-106.736,33.227],[-106.719,33.187],[-106.748,33.108],[-106.72,33.084],[-106.731,33.074],[-106.724,33.041],[-106.704,33.034],[-106.692,32.981],[-106.658,32.97],[-106.673,32.941],[-106.635,32.898],[-106.645,32.883],[-106.585,32.705],[-106.537,32.675],[-106.56,32.641],[-106.54,32.585],[-106.547,32.551],[-106.528,32.545],[-106.54,32.533],[-106.533,32.507],[-106.58,32.402],[-106.58,32.365],[-106.544,32.336],[-106.577,32.294],[-106.54,32.224],[-106.564,32.158],[-106.552,32.065],[-106.507,32.004],[-106.518,31.992],[-106.502,31.969],[-106.46,31.989],[-106.362,31.991],[-106.292,31.943],[-106.254,31.971],[-106.195,31.961],[-106.143,31.974],[-106.117,31.959],[-106.098,31.907],[-106.048,31.907],[-105.999,31.928],[-105.965,31.899],[-105.884,31.89],[-105.882,31.864],[-105.859,31.872],[-105.839,31.846],[-105.845,31.817],[-105.785,31.805],[-105.761,31.722],[-105.772,31.682],[-105.75,31.691],[-105.739,31.679],[-105.758,31.622],[-105.678,31.554],[-105.692,31.526],[-105.658,31.495],[-105.646,31.457],[-105.624,31.459],[-105.609,31.423],[-105.562,31.41],[-105.533,31.379],[-105.509,31.392],[-105.444,31.368],[-105.421,31.327],[-105.386,31.313],[-105.315,31.302],[-105.248,31.322],[-105.165,31.258],[-105.201,31.254],[-105.179,31.235],[-105.177,31.188],[-105.158,31.188],[-105.127,31.122],[-105.134,30.997],[-105.149,30.974],[-105.116,30.965],[-105.087,30.931],[-105.082,30.9],[-105.051,30.892],[-105.032,30.865],[-104.918,30.883],[-104.863,30.858],[-104.843,30.827],[-104.852,30.812],[-104.837,30.755],[-104.768,30.718],[-104.755,30.682],[-104.713,30.666],[-104.708,30.569],[-104.678,30.546],[-104.692,30.484],[-104.671,30.438],[-104.653,30.448],[-104.622,30.399],[-104.589,30.303],[-104.552,30.299],[-104.549,30.277],[-104.525,30.276],[-104.521,30.256],[-104.553,30.196],[-104.534,30.176],[-104.535,30.105],[-104.463,30.052],[-104.406,30.11],[-104.396,30.148],[-104.407,30.156],[-104.328,30.225],[-104.253,30.261],[-104.239,30.298],[-104.262,30.324],[-104.258,30.349],[-104.165,30.45],[-104.152,30.497],[-104.169,30.517],[-104.163,30.564],[-104.139,30.602],[-104.143,30.622],[-104.189,30.64],[-104.184,30.657],[-104.229,30.684],[-104.261,30.682],[-104.255,30.716],[-104.218,30.759],[-104.22,30.803],[-104.265,30.825],[-104.287,30.896],[-104.339,30.89],[-104.34,30.935],[-104.302,30.957],[-104.299,30.979],[-104.401,31.037],[-104.402,31.152],[-104.463,31.218],[-104.488,31.209],[-104.509,31.225],[-104.491,31.261],[-104.523,31.283],[-104.531,31.371],[-104.553,31.384],[-104.552,31.43],[-104.566,31.451],[-104.614,31.467],[-104.682,31.618],[-104.749,31.636],[-104.738,31.671],[-104.781,31.802],[-104.832,31.875],[-104.882,31.91],[-104.879,31.95],[-104.856,31.945],[-104.829,31.969],[-104.82,32.026],[-104.798,32.032],[-104.813,32.147],[-104.87,32.172],[-104.868,32.222],[-104.903,32.281],[-104.974,32.334],[-105.023,32.413],[-105.096,32.441],[-105.122,32.476],[-105.127,32.565],[-105.14,32.573],[-105.133,32.638],[-105.16,32.639],[-105.193,32.675],[-105.234,32.644],[-105.25,32.659],[-105.278,32.647],[-105.296,32.652],[-105.318,32.694],[-105.38,32.696],[-105.419,32.677],[-105.436,32.7],[-105.486,32.689],[-105.506,32.706],[-105.583,32.687],[-105.633,32.651],[-105.657,32.702],[-105.706,32.71],[-105.724,32.731],[-105.723,32.758],[-105.763,32.759],[-105.805,32.803],[-105.78,32.903],[-105.736,32.94],[-105.748,32.948],[-105.722,32.991],[-105.738,33.018],[-105.699,33.013],[-105.668,33.04],[-105.695,33.131],[-105.651,33.166],[-105.67,33.188],[-105.669,33.227],[-105.74,33.222],[-105.764,33.242],[-105.767,33.286],[-105.791,33.315],[-105.783,33.331],[-105.83,33.363],[-105.81,33.389],[-105.85,33.451],[-105.822,33.493],[-105.766,33.487],[-105.681,33.532],[-105.681,33.561],[-105.659,33.586],[-105.676,33.622],[-105.649,33.652],[-105.662,33.685],[-105.705,33.696],[-105.67,33.744],[-105.697,33.791],[-105.672,33.847],[-105.631,33.88],[-105.68,33.92],[-105.688,33.949],[-105.66,33.979],[-105.671,34.064],[-105.684,34.065],[-105.717,34.165],[-105.734,34.186],[-105.755,34.185],[-105.77,34.214],[-105.691,34.206],[-105.69,34.242],[-105.668,34.263],[-105.635,34.275],[-105.615,34.262],[-105.593,34.283],[-105.597,34.325],[-105.442,34.389],[-105.476,34.419],[-105.452,34.468],[-105.459,34.48],[-105.438,34.492],[-105.464,34.507],[-105.449,34.53],[-105.381,34.565],[-105.382,34.591],[-105.336,34.622],[-105.357,34.699],[-105.445,34.735],[-105.509,34.8],[-105.644,34.825],[-105.674,34.85],[-105.682,34.915],[-105.711,34.924],[-105.691,34.94],[-105.7,34.976],[-105.665,34.996],[-105.685,35.045],[-105.676,35.074],[-105.621,35.106],[-105.663,35.118],[-105.662,35.159],[-105.702,35.193],[-105.735,35.271],[-105.773,35.258],[-105.777,35.219],[-105.856,35.209],[-105.913,35.228],[-105.93,35.26],[-105.97,35.26],[-106.004,35.283]]]},"properties":{"name":"Rio Grande Closed Basins","huc4":"1305","states":"NM,TX"}},{"type":"Feature","geometry":{"type":"Polygon","coordinates":[[[-96.205,33.318],[-96.216,33.325],[-96.238,33.303],[-96.247,33.243],[-96.294,33.235],[-96.34,33.201],[-96.334,33.118],[-96.355,33.106],[-96.377,33.047],[-96.372,33.001],[-96.393,32.972],[-96.392,32.942],[-96.348,32.913],[-96.321,32.857],[-96.3,32.856],[-96.259,32.808],[-96.213,32.793],[-96.153,32.807],[-96.132,32.768],[-96.096,32.765],[-96.075,32.731],[-95.974,32.695],[-95.967,32.656],[-95.946,32.652],[-95.916,32.613],[-95.899,32.616],[-95.894,32.49],[-95.862,32.487],[-95.817,32.529],[-95.79,32.499],[-95.741,32.484],[-95.745,32.518],[-95.722,32.54],[-95.643,32.54],[-95.583,32.52],[-95.558,32.536],[-95.541,32.532],[-95.53,32.501],[-95.5,32.504],[-95.482,32.473],[-95.458,32.464],[-95.408,32.516],[-95.39,32.509],[-95.396,32.483],[-95.378,32.472],[-95.385,32.449],[-95.372,32.424],[-95.284,32.421],[-95.28,32.384],[-95.252,32.383],[-95.244,32.363],[-95.269,32.351],[-95.252,32.325],[-95.152,32.327],[-95.111,32.367],[-95.064,32.365],[-95.042,32.332],[-95.05,32.305],[-95.013,32.259],[-94.961,32.261],[-94.94,32.246],[-94.924,32.257],[-94.849,32.18],[-94.763,32.175],[-94.754,32.138],[-94.736,32.141],[-94.707,32.094],[-94.668,32.077],[-94.687,32.006],[-94.659,31.991],[-94.643,32.0],[-94.632,31.971],[-94.504,31.964],[-94.477,31.938],[-94.429,31.923],[-94.38,31.847],[-94.343,31.839],[-94.277,31.731],[-94.208,31.687],[-94.167,31.681],[-94.118,31.614],[-94.091,31.618],[-94.074,31.592],[-94.082,31.579],[-94.065,31.54],[-94.077,31.513],[-94.058,31.483],[-94.069,31.469],[-94.058,31.422],[-93.968,31.318],[-93.966,31.292],[-93.928,31.279],[-93.911,31.219],[-93.872,31.164],[-93.898,31.064],[-93.955,31.049],[-93.928,30.896],[-93.977,30.869],[-93.978,30.809],[-94.016,30.773],[-93.995,30.707],[-94.015,30.683],[-94.017,30.627],[-93.996,30.594],[-94.008,30.567],[-93.986,30.558],[-94.006,30.544],[-94.006,30.515],[-93.99,30.484],[-93.964,30.474],[-93.969,30.455],[-93.999,30.451],[-93.99,30.431],[-94.022,30.397],[-94.028,30.374],[-94.011,30.366],[-94.026,30.345],[-93.997,30.292],[-93.959,30.271],[-93.972,30.213],[-93.932,30.211],[-93.993,30.178],[-94.004,30.147],[-93.952,30.087],[-93.877,30.082],[-93.895,30.052],[-93.879,30.039],[-93.861,30.047],[-93.785,30.018],[-93.784,29.978],[-93.677,29.9],[-93.648,29.894],[-93.644,29.956],[-93.602,29.964],[-93.615,30.016],[-93.584,30.072],[-93.642,30.114],[-93.658,30.147],[-93.638,30.192],[-93.646,30.22],[-93.62,30.233],[-93.623,30.261],[-93.601,30.267],[-93.661,30.302],[-93.653,30.321],[-93.673,30.343],[-93.645,30.358],[-93.668,30.395],[-93.666,30.433],[-93.638,30.468],[-93.641,30.501],[-93.593,30.533],[-93.581,30.583],[-93.552,30.59],[-93.548,30.612],[-93.51,30.634],[-93.507,30.664],[-93.455,30.735],[-93.469,30.767],[-93.459,30.783],[-93.412,30.8],[-93.389,30.852],[-93.324,30.866],[-93.311,30.899],[-93.332,30.951],[-93.302,30.964],[-93.297,31.004],[-93.28,31.0],[-93.248,31.025],[-93.25,31.039],[-93.207,31.064],[-93.186,31.111],[-93.146,31.142],[-93.157,31.18],[-93.208,31.241],[-93.211,31.326],[-93.269,31.349],[-93.273,31.369],[-93.317,31.403],[-93.314,31.453],[-93.365,31.535],[-93.367,31.595],[-93.411,31.627],[-93.412,31.654],[-93.442,31.651],[-93.475,31.68],[-93.483,31.702],[-93.441,31.721],[-93.435,31.74],[-93.475,31.786],[-93.465,31.822],[-93.489,31.828],[-93.5,31.856],[-93.557,31.861],[-93.575,31.885],[-93.563,31.924],[-93.565,31.964],[-93.581,31.976],[-93.573,32.004],[-93.608,31.995],[-93.636,32.024],[-93.656,32.013],[-93.696,32.044],[-93.745,32.02],[-93.768,32.043],[-93.761,32.071],[-93.799,32.112],[-93.798,32.135],[-93.855,32.15],[-93.872,32.192],[-93.937,32.203],[-93.942,32.226],[-93.985,32.226],[-94.005,32.247],[-93.985,32.271],[-93.998,32.288],[-93.986,32.303],[-94.043,32.328],[-94.041,32.383],[-94.086,32.414],[-94.122,32.407],[-94.149,32.415],[-94.159,32.438],[-94.176,32.433],[-94.208,32.507],[-94.223,32.508],[-94.218,32.523],[-94.253,32.558],[-94.321,32.566],[-94.386,32.553],[-94.431,32.579],[-94.51,32.54],[-94.526,32.557],[-94.554,32.558],[-94.614,32.518],[-94.619,32.535],[-94.651,32.548],[-94.711,32.542],[-94.73,32.579],[-94.762,32.591],[-94.807,32.592],[-94.832,32.616],[-94.865,32.605],[-94.889,32.616],[-94.981,32.712],[-95.028,32.701],[-95.077,32.668],[-95.128,32.748],[-95.195,32.771],[-95.205,32.816],[-95.225,32.816],[-95.203,32.865],[-95.219,32.872],[-95.221,32.91],[-95.355,33.017],[-95.361,33.056],[-95.429,33.04],[-95.497,33.076],[-95.56,33.081],[-95.582,33.06],[-95.63,33.091],[-95.632,33.116],[-95.704,33.09],[-95.736,33.111],[-95.792,33.119],[-95.827,33.148],[-95.896,33.126],[-95.962,33.171],[-95.975,33.161],[-96.026,33.177],[-96.027,33.206],[-96.124,33.303],[-96.146,33.294],[-96.205,33.318]]]},"properties":{"name":"Sabine","huc4":"1201","states":"LA,TX"}}]}